scope,subset,modality,component,rbf_cka,linear_cka,shuffled_rbf_cka,shuffled_linear_cka,bandwidth_modality,bandwidth_component,bandwidth_shuffled_component,n_samples,subset_index,rbf_cka_mean,rbf_cka_median,rbf_cka_std,rbf_cka_q1,rbf_cka_q3,rbf_cka_iqr,linear_cka_mean,linear_cka_median,linear_cka_std,linear_cka_q1,linear_cka_q3,linear_cka_iqr,shuffled_rbf_cka_mean,shuffled_rbf_cka_median,shuffled_rbf_cka_std,shuffled_rbf_cka_q1,shuffled_rbf_cka_q3,shuffled_rbf_cka_iqr,shuffled_linear_cka_mean,shuffled_linear_cka_median,shuffled_linear_cka_std,shuffled_linear_cka_q1,shuffled_linear_cka_q3,shuffled_linear_cka_iqr
subset,FlatVelA,migrated_image,background,0.3290810360257402,0.28389079668406264,0.0077624816253556985,0.0031804011986081683,0.13341292769421792,26.379043699448783,26.379043699448783,1000,0,,,,,,,,,,,,,,,,,,,,,,,,
subset,FlatVelA,migrated_image,structure,0.3276432662138193,0.2950597607876026,0.023194200917613046,0.013297999558967105,0.13341292769421792,6.703821191254223,6.703821191254223,1000,0,,,,,,,,,,,,,,,,,,,,,,,,
subset,FlatVelA,horizon,background,0.05850131771571679,0.03292768933659328,0.01669252989381192,0.008286356776110336,0.41403933560541367,26.379043699448783,26.379043699448783,1000,0,,,,,,,,,,,,,,,,,,,,,,,,
subset,FlatVelA,horizon,structure,0.3789050053798452,0.3432849533203431,0.044943946699297174,0.030208925490882537,0.41403933560541367,6.703821191254223,6.703821191254223,1000,0,,,,,,,,,,,,,,,,,,,,,,,,
subset,FlatVelA,rms_vel,background,0.8190928351962006,0.8621389157432836,0.003280939600946452,0.0010956178625277646,0.3163059406117285,26.379043699448783,26.379043699448783,1000,0,,,,,,,,,,,,,,,,,,,,,,,,
subset,FlatVelA,rms_vel,structure,0.5216251453288502,0.636683930782239,0.010015713070532239,0.005479847170484703,0.3163059406117285,6.703821191254223,6.703821191254223,1000,0,,,,,,,,,,,,,,,,,,,,,,,,
subset,FlatVelA,well_log_mask,background,0.03305791620998234,0.02609768658587418,0.021074179689623627,0.01175958543992773,0.16692275598875506,26.379043699448783,26.379043699448783,1000,0,,,,,,,,,,,,,,,,,,,,,,,,
subset,FlatVelA,well_log_mask,structure,0.06371523903986878,0.05350094257198937,0.055825471219164854,0.0443295182907522,0.16692275598875506,6.703821191254223,6.703821191254223,1000,0,,,,,,,,,,,,,,,,,,,,,,,,
subset,FlatVelB,migrated_image,background,0.1989848727178912,0.15312427454491356,0.0159457233187731,0.008610144766508737,0.3023150132662524,51.32891773616593,51.32891773616593,1000,1,,,,,,,,,,,,,,,,,,,,,,,,
subset,FlatVelB,migrated_image,structure,0.18711118625472728,0.13453501800732032,0.04197421312598859,0.02477890355464575,0.3023150132662524,13.921283613555557,13.921283613555557,1000,1,,,,,,,,,,,,,,,,,,,,,,,,
subset,FlatVelB,horizon,background,0.02560590641029214,0.011077547989023061,0.020747179202878115,0.012910902263147225,0.44721359549995904,51.32891773616593,51.32891773616593,1000,1,,,,,,,,,,,,,,,,,,,,,,,,
subset,FlatVelB,horizon,structure,0.0972121977814488,0.03441258278046975,0.057175695092020376,0.036514091827621845,0.44721359549995904,13.921283613555557,13.921283613555557,1000,1,,,,,,,,,,,,,,,,,,,,,,,,
subset,FlatVelB,rms_vel,background,0.674786416332324,0.6786709518328062,0.007904484501637934,0.004030029992458853,0.42992290346901857,51.32891773616593,51.32891773616593,1000,1,,,,,,,,,,,,,,,,,,,,,,,,
subset,FlatVelB,rms_vel,structure,0.4091624636549853,0.3904089154395413,0.017127155088010257,0.010406942580811233,0.42992290346901857,13.921283613555557,13.921283613555557,1000,1,,,,,,,,,,,,,,,,,,,,,,,,
subset,FlatVelB,well_log_mask,background,0.05212940431614215,0.049121338931250154,0.0349472804193789,0.02722627065779777,0.17166974878938984,51.32891773616593,51.32891773616593,1000,1,,,,,,,,,,,,,,,,,,,,,,,,
subset,FlatVelB,well_log_mask,structure,0.09449467663224183,0.07732124135066837,0.08285202296198972,0.06415929309236075,0.17166974878938984,13.921283613555557,13.921283613555557,1000,1,,,,,,,,,,,,,,,,,,,,,,,,
subset,CurveVelA,migrated_image,background,0.3634212259441524,0.325280194479983,0.009799377343280291,0.005990638861011764,0.13375912348528537,28.323623049367242,28.323623049367242,1000,2,,,,,,,,,,,,,,,,,,,,,,,,
subset,CurveVelA,migrated_image,structure,0.3920372786026882,0.3542350046811411,0.036033691309375414,0.020670565630551394,0.13375912348528537,7.806596809544262,7.806596809544262,1000,2,,,,,,,,,,,,,,,,,,,,,,,,
subset,CurveVelA,horizon,background,0.10516222186122752,0.06496400622076338,0.04789969042737521,0.025660574759876632,0.4829754715536291,28.323623049367242,28.323623049367242,1000,2,,,,,,,,,,,,,,,,,,,,,,,,
subset,CurveVelA,horizon,structure,0.2945801339984564,0.24859429972689892,0.17982792710287296,0.12864251190277318,0.4829754715536291,7.806596809544262,7.806596809544262,1000,2,,,,,,,,,,,,,,,,,,,,,,,,
subset,CurveVelA,rms_vel,background,0.8468385801197726,0.8789331958479915,0.0056620160146858755,0.0051958818725477305,0.3693576234344891,28.323623049367242,28.323623049367242,1000,2,,,,,,,,,,,,,,,,,,,,,,,,
subset,CurveVelA,rms_vel,structure,0.6408456681771606,0.7304655703547533,0.018979755860137462,0.010354143802161826,0.3693576234344891,7.806596809544262,7.806596809544262,1000,2,,,,,,,,,,,,,,,,,,,,,,,,
subset,CurveVelA,well_log_mask,background,0.033093739735012874,0.025880131411242308,0.022792041910101386,0.014521046533382336,0.1672696959167301,28.323623049367242,28.323623049367242,1000,2,,,,,,,,,,,,,,,,,,,,,,,,
subset,CurveVelA,well_log_mask,structure,0.09382007513527453,0.07853329880532105,0.0846693963900109,0.06821560091188977,0.1672696959167301,7.806596809544262,7.806596809544262,1000,2,,,,,,,,,,,,,,,,,,,,,,,,
subset,CurveVelB,migrated_image,background,0.21654034858035417,0.1634178518015064,0.018572739817930325,0.00951627439018579,0.26938519429030144,49.850892969304084,49.850892969304084,1000,3,,,,,,,,,,,,,,,,,,,,,,,,
subset,CurveVelB,migrated_image,structure,0.24858000809526443,0.21208986921103218,0.07409294947034187,0.052851242743522056,0.26938519429030144,16.419113870048495,16.419113870048495,1000,3,,,,,,,,,,,,,,,,,,,,,,,,
subset,CurveVelB,horizon,background,0.07290146374421906,0.04279600238494339,0.06862994820058081,0.0446771710752466,0.5093012419993133,49.850892969304084,49.850892969304084,1000,3,,,,,,,,,,,,,,,,,,,,,,,,
subset,CurveVelB,horizon,structure,0.3557036273278001,0.24533997970543625,0.26830849598479156,0.22590740377144286,0.5093012419993133,16.419113870048495,16.419113870048495,1000,3,,,,,,,,,,,,,,,,,,,,,,,,
subset,CurveVelB,rms_vel,background,0.7401139858178803,0.7621517914699799,0.008903444368449968,0.003136308687276923,0.42620681656652576,49.850892969304084,49.850892969304084,1000,3,,,,,,,,,,,,,,,,,,,,,,,,
subset,CurveVelB,rms_vel,structure,0.4691856105172121,0.5599816585199553,0.03246336697538461,0.019868361480523063,0.42620681656652576,16.419113870048495,16.419113870048495,1000,3,,,,,,,,,,,,,,,,,,,,,,,,
subset,CurveVelB,well_log_mask,background,0.04961261634242721,0.04491413065556338,0.03862607284780986,0.028948480589340558,0.17009529030424048,49.850892969304084,49.850892969304084,1000,3,,,,,,,,,,,,,,,,,,,,,,,,
subset,CurveVelB,well_log_mask,structure,0.15151582857095663,0.1561365968386637,0.14580810289354681,0.14589064626034376,0.17009529030424048,16.419113870048495,16.419113870048495,1000,3,,,,,,,,,,,,,,,,,,,,,,,,
subset,FlatFaultA,migrated_image,background,0.44200293519749756,0.35657334231215276,0.005175783689413735,0.0019246280269055933,0.29819771745613094,31.230649144681742,31.230649144681742,1000,4,,,,,,,,,,,,,,,,,,,,,,,,
subset,FlatFaultA,migrated_image,structure,0.513024748665127,0.4622720345082632,0.019116614383871352,0.012666067059614823,0.29819771745613094,6.895278138253496,6.895278138253496,1000,4,,,,,,,,,,,,,,,,,,,,,,,,
subset,FlatFaultA,horizon,background,0.2528849499964226,0.2081808538345778,0.02534862465679105,0.012921698062047206,0.38172540616821143,31.230649144681742,31.230649144681742,1000,4,,,,,,,,,,,,,,,,,,,,,,,,
subset,FlatFaultA,horizon,structure,0.4475265827337322,0.42276027213273043,0.07170891803403291,0.049527758553646314,0.38172540616821143,6.895278138253496,6.895278138253496,1000,4,,,,,,,,,,,,,,,,,,,,,,,,
subset,FlatFaultA,rms_vel,background,0.7788300292764687,0.8153672229321415,0.004158790694861746,0.0012842666643770018,0.3543239781401315,31.230649144681742,31.230649144681742,1000,4,,,,,,,,,,,,,,,,,,,,,,,,
subset,FlatFaultA,rms_vel,structure,0.6043199014811415,0.6491120435871378,0.013745794468863542,0.007351881446294654,0.3543239781401315,6.895278138253496,6.895278138253496,1000,4,,,,,,,,,,,,,,,,,,,,,,,,
subset,FlatFaultA,well_log_mask,background,0.037260090149274526,0.02633242596827884,0.027781909996669362,0.018219275986795114,0.16732576397349885,31.230649144681742,31.230649144681742,1000,4,,,,,,,,,,,,,,,,,,,,,,,,
subset,FlatFaultA,well_log_mask,structure,0.07914927286245042,0.06465257556834954,0.06775855486164617,0.05498793710832753,0.16732576397349885,6.895278138253496,6.895278138253496,1000,4,,,,,,,,,,,,,,,,,,,,,,,,
subset,FlatFaultB,migrated_image,background,0.28746709189816366,0.24665183902345147,0.021154745333760536,0.011278363733512476,0.3238499846684326,28.951351415687135,28.951351415687135,1000,5,,,,,,,,,,,,,,,,,,,,,,,,
subset,FlatFaultB,migrated_image,structure,0.272310576080788,0.23368709706503504,0.10698165480022846,0.07166904453848526,0.3238499846684326,9.192085907319571,9.192085907319571,1000,5,,,,,,,,,,,,,,,,,,,,,,,,
subset,FlatFaultB,horizon,background,0.19753873701715857,0.17188745408741204,0.07446254949039881,0.04333184062421625,0.5439837932759958,28.951351415687135,28.951351415687135,1000,5,,,,,,,,,,,,,,,,,,,,,,,,
subset,FlatFaultB,horizon,structure,0.5998100498592634,0.5425479775493863,0.36382056061899326,0.2634487726112052,0.5439837932759958,9.192085907319571,9.192085907319571,1000,5,,,,,,,,,,,,,,,,,,,,,,,,
subset,FlatFaultB,rms_vel,background,0.8210683273669304,0.8428382328823794,0.010760926872018777,0.004950224003641722,0.3632197101814795,28.951351415687135,28.951351415687135,1000,5,,,,,,,,,,,,,,,,,,,,,,,,
subset,FlatFaultB,rms_vel,structure,0.40122158522659346,0.4357020041820737,0.05254002087289108,0.030649913693885558,0.3632197101814795,9.192085907319571,9.192085907319571,1000,5,,,,,,,,,,,,,,,,,,,,,,,,
subset,FlatFaultB,well_log_mask,background,0.04168391011227107,0.029314778154551868,0.03767564314005326,0.02495506969397034,0.17061868485832163,28.951351415687135,28.951351415687135,1000,5,,,,,,,,,,,,,,,,,,,,,,,,
subset,FlatFaultB,well_log_mask,structure,0.1825108125159565,0.15283032410520972,0.17881210099814443,0.146945419835569,0.17061868485832163,9.192085907319571,9.192085907319571,1000,5,,,,,,,,,,,,,,,,,,,,,,,,
subset,CurveFaultA,migrated_image,background,0.45753503452968525,0.38915590345275536,0.0068382959493797635,0.002870505985900378,0.29997728710086224,32.49978900825279,32.49978900825279,1000,6,,,,,,,,,,,,,,,,,,,,,,,,
subset,CurveFaultA,migrated_image,structure,0.5791270917640633,0.540681146225381,0.02017082652425945,0.013274859139028762,0.29997728710086224,6.64914414148183,6.64914414148183,1000,6,,,,,,,,,,,,,,,,,,,,,,,,
subset,CurveFaultA,horizon,background,0.2873313762653171,0.2382779004085152,0.04267642387463232,0.02458847106684413,0.39692697112713826,32.49978900825279,32.49978900825279,1000,6,,,,,,,,,,,,,,,,,,,,,,,,
subset,CurveFaultA,horizon,structure,0.35620303435529194,0.33589844432097393,0.11469464556838677,0.08327626711449104,0.39692697112713826,6.64914414148183,6.64914414148183,1000,6,,,,,,,,,,,,,,,,,,,,,,,,
subset,CurveFaultA,rms_vel,background,0.8331213399821514,0.8469198017201031,0.006485346632948555,0.0018684333270240245,0.3891248041612602,32.49978900825279,32.49978900825279,1000,6,,,,,,,,,,,,,,,,,,,,,,,,
subset,CurveFaultA,rms_vel,structure,0.7014815524249416,0.7495687974706262,0.016756970820897072,0.009106333000355508,0.3891248041612602,6.64914414148183,6.64914414148183,1000,6,,,,,,,,,,,,,,,,,,,,,,,,
subset,CurveFaultA,well_log_mask,background,0.03565124609363702,0.026080575913827394,0.0286300024824636,0.01988684899292573,0.16915200389776994,32.49978900825279,32.49978900825279,1000,6,,,,,,,,,,,,,,,,,,,,,,,,
subset,CurveFaultA,well_log_mask,structure,0.08490038052909309,0.0714301100285908,0.07508159779841134,0.06323681823308558,0.16915200389776994,6.64914414148183,6.64914414148183,1000,6,,,,,,,,,,,,,,,,,,,,,,,,
subset,CurveFaultB,migrated_image,background,0.25401908993505473,0.21611838901197777,0.0248652279548601,0.01163400918517625,0.3330861854741639,31.906610775662692,31.906610775662692,1000,7,,,,,,,,,,,,,,,,,,,,,,,,
subset,CurveFaultB,migrated_image,structure,0.2436427462548538,0.20028615061578686,0.12774697356288414,0.08868951459602126,0.3330861854741639,11.640665548663119,11.640665548663119,1000,7,,,,,,,,,,,,,,,,,,,,,,,,
subset,CurveFaultB,horizon,background,0.2717079623239477,0.2478629491143772,0.09406798323444175,0.05611522307382632,0.6311634866964194,31.906610775662692,31.906610775662692,1000,7,,,,,,,,,,,,,,,,,,,,,,,,
subset,CurveFaultB,horizon,structure,0.5456051338756039,0.4610231059476034,0.4538651990798139,0.3486412796315997,0.6311634866964194,11.640665548663119,11.640665548663119,1000,7,,,,,,,,,,,,,,,,,,,,,,,,
subset,CurveFaultB,rms_vel,background,0.8347552142337511,0.8540254176807651,0.01454300298615674,0.005823425150189053,0.4080567142756108,31.906610775662692,31.906610775662692,1000,7,,,,,,,,,,,,,,,,,,,,,,,,
subset,CurveFaultB,rms_vel,structure,0.3411088316755696,0.35735374434553985,0.072531503790953,0.04495507152975354,0.4080567142756108,11.640665548663119,11.640665548663119,1000,7,,,,,,,,,,,,,,,,,,,,,,,,
subset,CurveFaultB,well_log_mask,background,0.04495363410539726,0.03155209623318741,0.04484726718080872,0.03135674282380524,0.17108525316127027,31.906610775662692,31.906610775662692,1000,7,,,,,,,,,,,,,,,,,,,,,,,,
subset,CurveFaultB,well_log_mask,structure,0.20827348408619795,0.18276989997892493,0.20630815772237815,0.180708778636582,0.17108525316127027,11.640665548663119,11.640665548663119,1000,7,,,,,,,,,,,,,,,,,,,,,,,,
all_subsets_summary,ALL,horizon,background,,,,,,,,8000,,0.15895424191678767,0.15135047943919305,0.0985374686905079,0.0693014272370935,0.2575907030783039,0.1882892758412104,0.12724680042202569,0.11842573015408772,0.09275083767846101,0.04032892412285586,0.21570511547806215,0.1753761913552063,0.048815616122613745,0.04528805715100377,0.02623715825376602,0.024198263293312816,0.07008809852303531,0.045889835229722495,0.028561529712664336,0.025124522913360384,0.016438947064303763,0.012918999112322211,0.04366817323697384,0.03074917412465163
all_subsets_summary,ALL,horizon,structure,,,,,,,,8000,,0.3844432206639302,0.3675540198675685,0.1451579841867548,0.3404227539954642,0.47204622051920014,0.13162346652373597,0.32923270193548027,0.33959169882065854,0.14676548687018728,0.24778071972153326,0.43232598058644867,0.1845452608649154,0.1942931735225261,0.14726128633562985,0.14329772439348681,0.06807561229852978,0.292186512143342,0.22411089984481225,0.14577087636295782,0.10595938950863211,0.11190378403404348,0.0462743418721402,0.23529274598138344,0.18901840410924325
all_subsets_summary,ALL,migrated_image,background,,,,,,,,8000,,0.3186314543535674,0.3082740639619519,0.09118245292114185,0.2446494045963796,0.3830666532574887,0.13841724866110908,0.26677657391385035,0.26527131785375707,0.0816447008338945,0.20294325470935992,0.3331034814380255,0.13016022672866556,0.013764296879094194,0.012872550331026696,0.006884798153095755,0.0075314352063617146,0.019218241196887878,0.011686805990526163,0.0068756207684761445,0.00730039181376025,0.0036571701010605123,0.003102927395431221,0.009956796726017462,0.006853869330586241
all_subsets_summary,ALL,migrated_image,structure,,,,,,,,8000,,0.3454346127414164,0.2999769211473037,0.1300686354984033,0.24734569263516176,0.4222841461182979,0.17493845348313614,0.3041057601376953,0.2643734289263188,0.13064154924517596,0.20913893956222085,0.3812442621379216,0.17210532257570077,0.05616389051182029,0.039003952217682006,0.03935353815319767,0.022438357319274647,0.08231512580281351,0.059876768483538866,0.03723727460260455,0.02272473459259857,0.027967331661871795,0.013292214453982518,0.057555693192262856,0.044263478738280335
all_subsets_summary,ALL,rms_vel,background,,,,,,,,8000,,0.7935758410406849,0.8200805812815655,0.055554024138034896,0.7691510184118217,0.8335298085450513,0.06437879013322967,0.8176306912636813,0.8448790173012413,0.062198943083164024,0.8020633650666011,0.8560537921963948,0.05399042712979363,0.007712368958963257,0.007194915567293245,0.0034529308419508167,0.005286209684729843,0.00936781499434217,0.0040816053096123265,0.003423023445005384,0.003583169339867888,0.0017355044995823105,0.0017223916613622688,0.005011638470868224,0.0032892468095059553
all_subsets_summary,ALL,rms_vel,structure,,,,,,,,8000,,0.5111188448108068,0.49540537792303113,0.11989481874388289,0.40717724404788735,0.6134513431551463,0.2062740991072589,0.5636595830852333,0.5983327946510971,0.14317197430467518,0.4243787319964406,0.6694504252790416,0.24507169328260103,0.029270035118458652,0.01805345547407386,0.020751178891499064,0.01600417673288869,0.03748253044976123,0.02147835371687254,0.017271561838033758,0.01038054319148653,0.012996103268336738,0.008667720111840294,0.022563749533863687,0.013896029422023393
all_subsets_summary,ALL,well_log_mask,background,,,,,,,,8000,,0.04093031963301806,0.0394720001307728,0.00691269352255739,0.03501186950398098,0.04611837966465475,0.011106510160673766,0.03241164548172194,0.027823602061415355,0.008699292410948987,0.026093408917862486,0.0348926048387814,0.008799195920918913,0.032046799708363584,0.03178864145092125,0.007771327016716595,0.02653444297502737,0.037913250566992414,0.011378807591965044,0.022109165089743102,0.022420959343448035,0.006627038753114017,0.01729471862344192,0.02765682314068347,0.010362104517241549
all_subsets_summary,ALL,well_log_mask,structure,,,,,,,,8000,,0.11979747117150497,0.09415737588375818,0.050121575292294225,0.08346260361243242,0.1592645745572066,0.07580197094477419,0.1046468736559647,0.07792727007799471,0.04720097487962085,0.06973572641353049,0.1536568922885732,0.08392116587504272,0.11213942560566154,0.08376070967600031,0.0531191300167976,0.07325083706422005,0.15405910241969623,0.08080826535547618,0.09605925154611383,0.06618744700212525,0.049334469427934596,0.061174597951896066,0.14615433965415006,0.084979741702254
