scope,subset,component,effective_rank,rank,n_samples,feature_count,decomposition_max_abs_error,effective_rank_mean,effective_rank_median,effective_rank_std,effective_rank_q1,effective_rank_q3,effective_rank_iqr
subset,FlatVelA,background,2.0235262862568084,65,1000,4900,5.551115123125783e-17,,,,,,
subset,FlatVelA,structure,24.260963452849825,65,1000,4900,5.551115123125783e-17,,,,,,
subset,FlatVelB,background,5.663415467487066,66,1000,4900,1.1102230246251565e-16,,,,,,
subset,FlatVelB,structure,39.67184299487589,66,1000,4900,1.1102230246251565e-16,,,,,,
subset,CurveVelA,background,2.5875610865815593,999,1000,4900,1.1102230246251565e-16,,,,,,
subset,CurveVelA,structure,58.521807298955196,999,1000,4900,1.1102230246251565e-16,,,,,,
subset,CurveVelB,background,7.5295224939027,999,1000,4900,1.1102230246251565e-16,,,,,,
subset,CurveVelB,structure,200.887706286174,999,1000,4900,1.1102230246251565e-16,,,,,,
subset,FlatFaultA,background,3.061156573483779,999,1000,4900,5.551115123125783e-17,,,,,,
subset,FlatFaultA,structure,37.82892394674081,999,1000,4900,5.551115123125783e-17,,,,,,
subset,FlatFaultB,background,7.54372571676023,999,1000,4900,1.1102230246251565e-16,,,,,,
subset,FlatFaultB,structure,289.6938063778613,999,1000,4900,1.1102230246251565e-16,,,,,,
subset,CurveFaultA,background,4.244782267230488,999,1000,4900,5.551115123125783e-17,,,,,,
subset,CurveFaultA,structure,49.53912614343605,999,1000,4900,5.551115123125783e-17,,,,,,
subset,CurveFaultB,background,10.535576775745708,999,1000,4900,1.1102230246251565e-16,,,,,,
subset,CurveFaultB,structure,407.9123596194826,999,1000,4900,1.1102230246251565e-16,,,,,,
all_subsets_summary,ALL,background,4.954098867358777,999,8000,4900,1.1102230246251565e-16,5.398658333431042,4.954098867358777,2.7768924198968734,2.9427577017582243,7.533073299617083,4.590315597858859
all_subsets_summary,ALL,structure,54.03046672119562,999,8000,4900,1.1102230246251565e-16,138.53956701504694,54.03046672119562,135.36874454662933,39.211113232842116,223.08923130909582,183.8781180762537
