method,missing_mode,dataset_name,num_samples,ssim
InversionNet,RMS only,CurveFaultA,5440,0.9894515142940423
InversionNet,w/o PSTM,CurveFaultA,5440,0.992995210945168
InversionNet,w/o horizon,CurveFaultA,5440,0.990585542207255
InversionNet,w/o well_log,CurveFaultA,5440,0.9945449568221674
InversionNet,RMS only,CurveFaultB,5401,0.9739078075946249
InversionNet,w/o PSTM,CurveFaultB,5401,0.9832359274169556
InversionNet,w/o horizon,CurveFaultB,5401,0.974141449249358
InversionNet,w/o well_log,CurveFaultB,5401,0.9834491998437289
InversionNet,RMS only,CurveVelA,2958,0.9819732259019474
InversionNet,w/o PSTM,CurveVelA,2958,0.9944598138574171
InversionNet,w/o horizon,CurveVelA,2958,0.982482116818025
InversionNet,w/o well_log,CurveVelA,2958,0.9945509394050208
InversionNet,RMS only,CurveVelB,3069,0.915037869001472
InversionNet,w/o PSTM,CurveVelB,3069,0.977189075309782
InversionNet,w/o horizon,CurveVelB,3069,0.9197391760188075
InversionNet,w/o well_log,CurveVelB,3069,0.9773546028851919
InversionNet,RMS only,FlatFaultA,5471,0.988404497959086
InversionNet,w/o PSTM,FlatFaultA,5471,0.993449535879307
InversionNet,w/o horizon,FlatFaultA,5471,0.9901341275810607
InversionNet,w/o well_log,FlatFaultA,5471,0.9947479136725313
InversionNet,RMS only,FlatFaultB,5351,0.9835424505423395
InversionNet,w/o PSTM,FlatFaultB,5351,0.9926190995831419
InversionNet,w/o horizon,FlatFaultB,5351,0.9846682596643312
InversionNet,w/o well_log,FlatFaultB,5351,0.9928690995307442
InversionNet,RMS only,FlatVelA,2930,0.985609452563748
InversionNet,w/o PSTM,FlatVelA,2930,0.9979587409073175
InversionNet,w/o horizon,FlatVelA,2930,0.9877401129581008
InversionNet,w/o well_log,FlatVelA,2930,0.9978950282616014
InversionNet,RMS only,FlatVelB,2980,0.9444225531846485
InversionNet,w/o PSTM,FlatVelB,2980,0.9946024030847037
InversionNet,w/o horizon,FlatVelB,2980,0.9511611644366144
InversionNet,w/o well_log,FlatVelB,2980,0.9943230261738668
VelocityGAN,RMS only,CurveFaultA,5440,0.9614821558907245
VelocityGAN,w/o PSTM,CurveFaultA,5440,0.9771640205278185
VelocityGAN,w/o horizon,CurveFaultA,5440,0.9629309156150745
VelocityGAN,w/o well_log,CurveFaultA,5440,0.9792052837992635
VelocityGAN,RMS only,CurveFaultB,5401,0.9512146315093373
VelocityGAN,w/o PSTM,CurveFaultB,5401,0.9663148232402311
VelocityGAN,w/o horizon,CurveFaultB,5401,0.9531880277030513
VelocityGAN,w/o well_log,CurveFaultB,5401,0.9672457693741995
VelocityGAN,RMS only,CurveVelA,2958,0.960670286147245
VelocityGAN,w/o PSTM,CurveVelA,2958,0.9818130188733037
VelocityGAN,w/o horizon,CurveVelA,2958,0.9640830851300413
VelocityGAN,w/o well_log,CurveVelA,2958,0.9820049380313068
VelocityGAN,RMS only,CurveVelB,3069,0.8683872522961357
VelocityGAN,w/o PSTM,CurveVelB,3069,0.9471655720089246
VelocityGAN,w/o horizon,CurveVelB,3069,0.8759160423115728
VelocityGAN,w/o well_log,CurveVelB,3069,0.9471116634974915
VelocityGAN,RMS only,FlatFaultA,5471,0.9367819665842646
VelocityGAN,w/o PSTM,FlatFaultA,5471,0.9589398364110722
VelocityGAN,w/o horizon,FlatFaultA,5471,0.9405406866875619
VelocityGAN,w/o well_log,FlatFaultA,5471,0.9609163999567709
VelocityGAN,RMS only,FlatFaultB,5351,0.9698323499518557
VelocityGAN,w/o PSTM,FlatFaultB,5351,0.9824364957291931
VelocityGAN,w/o horizon,FlatFaultB,5351,0.9727584158532131
VelocityGAN,w/o well_log,FlatFaultB,5351,0.9831672758615879
VelocityGAN,RMS only,FlatVelA,2930,0.9594430089886888
VelocityGAN,w/o PSTM,FlatVelA,2930,0.985811154776469
VelocityGAN,w/o horizon,FlatVelA,2930,0.967675266666624
VelocityGAN,w/o well_log,FlatVelA,2930,0.9851165703863364
VelocityGAN,RMS only,FlatVelB,2980,0.8724244825959193
VelocityGAN,w/o PSTM,FlatVelB,2980,0.9736139520691417
VelocityGAN,w/o horizon,FlatVelB,2980,0.895360958115854
VelocityGAN,w/o well_log,FlatVelB,2980,0.972477293997728
UPFWI,RMS only,CurveFaultA,5440,0.9905827939770568
UPFWI,w/o PSTM,CurveFaultA,5440,0.994922123523429
UPFWI,w/o horizon,CurveFaultA,5440,0.9908259479979546
UPFWI,w/o well_log,CurveFaultA,5440,0.995337804941707
UPFWI,RMS only,CurveFaultB,5401,0.97355557701981
UPFWI,w/o PSTM,CurveFaultB,5401,0.9825731943854799
UPFWI,w/o horizon,CurveFaultB,5401,0.9740885879745794
UPFWI,w/o well_log,CurveFaultB,5401,0.9828509026777963
UPFWI,RMS only,CurveVelA,2958,0.9816806917056754
UPFWI,w/o PSTM,CurveVelA,2958,0.9934161531111129
UPFWI,w/o horizon,CurveVelA,2958,0.982369566141068
UPFWI,w/o well_log,CurveVelA,2958,0.9934502467462709
UPFWI,RMS only,CurveVelB,3069,0.9262381988031618
UPFWI,w/o PSTM,CurveVelB,3069,0.9692478884835708
UPFWI,w/o horizon,CurveVelB,3069,0.9278631048084626
UPFWI,w/o well_log,CurveVelB,3069,0.9692334785994352
UPFWI,RMS only,FlatFaultA,5471,0.9895553391592264
UPFWI,w/o PSTM,FlatFaultA,5471,0.9951535341748806
UPFWI,w/o horizon,FlatFaultA,5471,0.9907682491566838
UPFWI,w/o well_log,FlatFaultA,5471,0.9954795239776172
UPFWI,RMS only,FlatFaultB,5351,0.9848224270836123
UPFWI,w/o PSTM,FlatFaultB,5351,0.9932353054445674
UPFWI,w/o horizon,FlatFaultB,5351,0.986594000245406
UPFWI,w/o well_log,FlatFaultB,5351,0.9934215637996383
UPFWI,RMS only,FlatVelA,2930,0.987590381798077
UPFWI,w/o PSTM,FlatVelA,2930,0.9985884683530892
UPFWI,w/o horizon,FlatVelA,2930,0.9901024832558714
UPFWI,w/o well_log,FlatVelA,2930,0.9981804433332775
UPFWI,RMS only,FlatVelB,2980,0.9517336342540599
UPFWI,w/o PSTM,FlatVelB,2980,0.9931568108799074
UPFWI,w/o horizon,FlatVelB,2980,0.9590220629168836
UPFWI,w/o well_log,FlatVelB,2980,0.9932115087973191
Auto-Linear,RMS only,CurveFaultA,5440,0.9659330400953289
Auto-Linear,w/o PSTM,CurveFaultA,5440,0.9780556911465658
Auto-Linear,w/o horizon,CurveFaultA,5440,0.9816085017669727
Auto-Linear,w/o well_log,CurveFaultA,5440,0.9910709992051124
Auto-Linear,RMS only,CurveFaultB,5401,0.9370584728334557
Auto-Linear,w/o PSTM,CurveFaultB,5401,0.9559329527602154
Auto-Linear,w/o horizon,CurveFaultB,5401,0.9417867683076987
Auto-Linear,w/o well_log,CurveFaultB,5401,0.9591630232530575
Auto-Linear,RMS only,CurveVelA,2958,0.9603154162968873
Auto-Linear,w/o PSTM,CurveVelA,2958,0.9731477187987999
Auto-Linear,w/o horizon,CurveVelA,2958,0.9587821874205852
Auto-Linear,w/o well_log,CurveVelA,2958,0.9781356531877304
Auto-Linear,RMS only,CurveVelB,3069,0.7839158871481192
Auto-Linear,w/o PSTM,CurveVelB,3069,0.8612003017198107
Auto-Linear,w/o horizon,CurveVelB,3069,0.8245056117576801
Auto-Linear,w/o well_log,CurveVelB,3069,0.8873869077599604
Auto-Linear,RMS only,FlatFaultA,5471,0.9637269390046629
Auto-Linear,w/o PSTM,FlatFaultA,5471,0.9768494506438218
Auto-Linear,w/o horizon,FlatFaultA,5471,0.9833421924174801
Auto-Linear,w/o well_log,FlatFaultA,5471,0.9932802943354484
Auto-Linear,RMS only,FlatFaultB,5351,0.9534393332883301
Auto-Linear,w/o PSTM,FlatFaultB,5351,0.9688054627067596
Auto-Linear,w/o horizon,FlatFaultB,5351,0.9610953434962042
Auto-Linear,w/o well_log,FlatFaultB,5351,0.9734823561521183
Auto-Linear,RMS only,FlatVelA,2930,0.9671330496617958
Auto-Linear,w/o PSTM,FlatVelA,2930,0.9885539484512277
Auto-Linear,w/o horizon,FlatVelA,2930,0.9695822026949287
Auto-Linear,w/o well_log,FlatVelA,2930,0.994254509926656
Auto-Linear,RMS only,FlatVelB,2980,0.8549055653167951
Auto-Linear,w/o PSTM,FlatVelB,2980,0.9300308800045395
Auto-Linear,w/o horizon,FlatVelB,2980,0.894167606576796
Auto-Linear,w/o well_log,FlatVelB,2980,0.9582769677936781
Latent U-Net (Large),RMS only,CurveFaultA,5440,0.9663460485007176
Latent U-Net (Large),w/o PSTM,CurveFaultA,5440,0.992486637217157
Latent U-Net (Large),w/o horizon,CurveFaultA,5440,0.9723545509007048
Latent U-Net (Large),w/o well_log,CurveFaultA,5440,0.9902944741003653
Latent U-Net (Large),RMS only,CurveFaultB,5401,0.9581899472716295
Latent U-Net (Large),w/o PSTM,CurveFaultB,5401,0.9928144905947244
Latent U-Net (Large),w/o horizon,CurveFaultB,5401,0.9540918346213711
Latent U-Net (Large),w/o well_log,CurveFaultB,5401,0.9922466683091995
Latent U-Net (Large),RMS only,CurveVelA,2958,0.9579509978180725
Latent U-Net (Large),w/o PSTM,CurveVelA,2958,0.9971940655052218
Latent U-Net (Large),w/o horizon,CurveVelA,2958,0.9575684540089601
Latent U-Net (Large),w/o well_log,CurveVelA,2958,0.996395667313401
Latent U-Net (Large),RMS only,CurveVelB,3069,0.7603639903840278
Latent U-Net (Large),w/o PSTM,CurveVelB,3069,0.9933353432345833
Latent U-Net (Large),w/o horizon,CurveVelB,3069,0.7686651579452434
Latent U-Net (Large),w/o well_log,CurveVelB,3069,0.9914640145489819
Latent U-Net (Large),RMS only,FlatFaultA,5471,0.9598025331423732
Latent U-Net (Large),w/o PSTM,FlatFaultA,5471,0.9920014561889507
Latent U-Net (Large),w/o horizon,FlatFaultA,5471,0.9717885872238153
Latent U-Net (Large),w/o well_log,FlatFaultA,5471,0.989081637964151
Latent U-Net (Large),RMS only,FlatFaultB,5351,0.9702772414588501
Latent U-Net (Large),w/o PSTM,FlatFaultB,5351,0.9943111217750431
Latent U-Net (Large),w/o horizon,FlatFaultB,5351,0.9713524814031654
Latent U-Net (Large),w/o well_log,FlatFaultB,5351,0.9931529308842445
Latent U-Net (Large),RMS only,FlatVelA,2930,0.9647862672649241
Latent U-Net (Large),w/o PSTM,FlatVelA,2930,0.9974337214902806
Latent U-Net (Large),w/o horizon,FlatVelA,2930,0.9771551484540868
Latent U-Net (Large),w/o well_log,FlatVelA,2930,0.9958267300812458
Latent U-Net (Large),RMS only,FlatVelB,2980,0.8089774988541667
Latent U-Net (Large),w/o PSTM,FlatVelB,2980,0.9949368597277058
Latent U-Net (Large),w/o horizon,FlatVelB,2980,0.8474566497993125
Latent U-Net (Large),w/o well_log,FlatVelB,2980,0.9904799557472236
PD-BG-RFM,RMS only,CurveFaultA,5440,0.8316816061511311
PD-BG-RFM,w/o PSTM,CurveFaultA,5440,0.9487837776260087
PD-BG-RFM,w/o horizon,CurveFaultA,5440,0.8869778971015234
PD-BG-RFM,w/o well_log,CurveFaultA,5440,0.9929339321658892
PD-BG-RFM,RMS only,CurveFaultB,5401,0.8021729423407926
PD-BG-RFM,w/o PSTM,CurveFaultB,5401,0.9560628355436932
PD-BG-RFM,w/o horizon,CurveFaultB,5401,0.7869332182396827
PD-BG-RFM,w/o well_log,CurveFaultB,5401,0.9843436519573451
PD-BG-RFM,RMS only,CurveVelA,2958,0.8114894310007265
PD-BG-RFM,w/o PSTM,CurveVelA,2958,0.9501926546497302
PD-BG-RFM,w/o horizon,CurveVelA,2958,0.8899336710762411
PD-BG-RFM,w/o well_log,CurveVelA,2958,0.9959159669358638
PD-BG-RFM,RMS only,CurveVelB,3069,0.5349768816819142
PD-BG-RFM,w/o PSTM,CurveVelB,3069,0.9441642166275723
PD-BG-RFM,w/o horizon,CurveVelB,3069,0.6075973392237535
PD-BG-RFM,w/o well_log,CurveVelB,3069,0.9840351517705818
PD-BG-RFM,RMS only,FlatFaultA,5471,0.8316273682601301
PD-BG-RFM,w/o PSTM,FlatFaultA,5471,0.945689560602918
PD-BG-RFM,w/o horizon,FlatFaultA,5471,0.8970658950206931
PD-BG-RFM,w/o well_log,FlatFaultA,5471,0.9925886445704816
PD-BG-RFM,RMS only,FlatFaultB,5351,0.8207138128858181
PD-BG-RFM,w/o PSTM,FlatFaultB,5351,0.955623771028826
PD-BG-RFM,w/o horizon,FlatFaultB,5351,0.8365741236969411
PD-BG-RFM,w/o well_log,FlatFaultB,5351,0.9891825245988857
PD-BG-RFM,RMS only,FlatVelA,2930,0.8539762714521725
PD-BG-RFM,w/o PSTM,FlatVelA,2930,0.9462415906671378
PD-BG-RFM,w/o horizon,FlatVelA,2930,0.9258056393047356
PD-BG-RFM,w/o well_log,FlatVelA,2930,0.995207785532743
PD-BG-RFM,RMS only,FlatVelB,2980,0.5401836223327617
PD-BG-RFM,w/o PSTM,FlatVelB,2980,0.9386004639218324
PD-BG-RFM,w/o horizon,FlatVelB,2980,0.6336755582694771
PD-BG-RFM,w/o well_log,FlatVelB,2980,0.9856237095121244
