result_id,paper_location,claim_or_metric,reported_values_or_scope,source_file,artifact_path,checkpoint_or_config,git_commit,status,notes
main_native,Table main-comparison,source-native MAE/RMSE/SSIM across 8 subsets,"24 subset x metric cells plus params",docs/paper/aaaii/pd-bg-rfm.tex,/public/home/xuyinghao/workspace/seismic-diff/logs/bg_pdr_fm/joint_full_contrastive_bgfm_pixelfm_predbg_e100/evaluation_epoch99_global_heldout_full_parallel_bs64,global held-out manifest and final checkpoint,7c1adcd2684524550f633a3c202f087a8ebed089,partially_auditable,literature columns are cross-protocol
matched,Table adapted-comparison,matched-input metrics,"InversionNet 0.0149/0.0273/0.9812/0.0180/0.0079; PD 0.0150/0.0270/0.9913/0.0119/0.0065",docs/paper/aaaii/pd-bg-rfm.tex,/public/home/xuyinghao/workspace/seismic-diff/logs/bg_pdr_fm/aaai27/eval_table2_missing_modalities_global_heldout,per-method run_manifest.json and metrics.csv,7c1adcd2684524550f633a3c202f087a8ebed089,partially_auditable,exact manuscript aggregation unresolved
ablation,Table ablation,design attribution,"6 variants x MAE/RMSE/SSIM/MAE_L/MAE_H",docs/paper/aaaii/pd-bg-rfm.tex,/public/home/xuyinghao/workspace/seismic-diff/logs/bg_pdr_fm/aaai27/formal,training CSVs and experiment configs,7c1adcd2684524550f633a3c202f087a8ebed089,partially_auditable,complete common-test artifacts not linked
condition,main text condition diagnostics,role separation and fusion medians,"margins 0.46/0.35; eta_bg 0.76; eta_str 0.66; chi 0.17",docs/paper/aaaii/pd-bg-rfm.tex,docs/paper/AAAI2027/figures and retained diagnostics,diagnostic scripts and figure CSVs,7c1adcd2684524550f633a3c202f087a8ebed089,partially_auditable,aggregate provenance split
rank,Figure motivation/Table effective-rank,effective rank,"median B 4.95; S 54.03; 8 subsets",docs/paper/aaaii/pd-bg-rfm.tex,docs/paper/aaaii/figures/motivation,analysis CSVs,unknown,partially_auditable,training-only analysis
missing,Table missing-modality,missing modality metrics,"full 0.0150/0.0269/0.9915; six modes",docs/paper/aaaii/pd-bg-rfm.tex,/public/home/xuyinghao/workspace/seismic-diff/logs/bg_pdr_fm/aaai27/eval_table2_missing_modalities_global_heldout/pd_bg_rfm,run_manifest.json and summary.json,7c1adcd2684524550f633a3c202f087a8ebed089,partially_auditable,paper values differ from some retained cross-method summaries
params,Appendix adapted-accounting,parameter counts,"PD 10,630,216; InversionNet 24,409,123; UPFWI 18,996,259; Auto-Linear 35,470,032; Latent U-Net 35,123,429",docs/paper/aaaii/pd-bg-rfm.tex,/public/home/xuyinghao/workspace/seismic-diff/logs/bg_pdr_fm/aaai27/eval_table2_missing_modalities_global_heldout,run manifests and source constructors,7c1adcd2684524550f633a3c202f087a8ebed089,auditable_as_implementation_count,VelocityGAN includes discriminator for training count
steps,Appendix implementation,inference steps,50 Euler steps,docs/paper/aaaii/pd-bg-rfm.tex,bg_pdr_fm configs and evaluator,release/evaluation config,7c1adcd2684524550f633a3c202f087a8ebed089,source_auditable_only,no complete runtime table
metric_issue,Table adapted-comparison,InversionNet MAE vs low-pass MAE,"total MAE 0.0149; MAE_L 0.0180",docs/paper/aaaii/pd-bg-rfm.tex,none linked to exact row,older evaluator unknown,unknown,inconsistent_or_unresolved,current evaluator uses positive 5x5 averaging filter
