checkpoint_auto_linear,checkpoint_inversionnet,checkpoint_latent_u_net__large,checkpoint_pd_bg_rfm,checkpoint_upfwi,checkpoint_velocitygan,criterion,dataset_id,dataset_name,formal_auto_linear_mae,formal_auto_linear_mae_h,formal_auto_linear_mae_l,formal_auto_linear_rmse,formal_auto_linear_ssim,formal_inversionnet_mae,formal_inversionnet_mae_h,formal_inversionnet_mae_l,formal_inversionnet_rmse,formal_inversionnet_ssim,formal_latent_u_net__large_mae,formal_latent_u_net__large_mae_h,formal_latent_u_net__large_mae_l,formal_latent_u_net__large_rmse,formal_latent_u_net__large_ssim,formal_margin_h,formal_margin_l,formal_margin_s,formal_pd_bg_rfm_mae,formal_pd_bg_rfm_mae_h,formal_pd_bg_rfm_mae_l,formal_pd_bg_rfm_rmse,formal_pd_bg_rfm_ssim,formal_upfwi_mae,formal_upfwi_mae_h,formal_upfwi_mae_l,formal_upfwi_rmse,formal_upfwi_ssim,formal_velocitygan_mae,formal_velocitygan_mae_h,formal_velocitygan_mae_l,formal_velocitygan_rmse,formal_velocitygan_ssim,normalization_profile_auto_linear,normalization_profile_inversionnet,normalization_profile_latent_u_net__large,normalization_profile_pd_bg_rfm,normalization_profile_upfwi,normalization_profile_velocitygan,pd_visual_seed,prediction_shape,rendered_common_auto_linear_mae,rendered_common_auto_linear_mae_h,rendered_common_auto_linear_mae_l,rendered_common_auto_linear_rmse,rendered_common_auto_linear_ssim,rendered_common_inversionnet_mae,rendered_common_inversionnet_mae_h,rendered_common_inversionnet_mae_l,rendered_common_inversionnet_rmse,rendered_common_inversionnet_ssim,rendered_common_latent_u_net__large_mae,rendered_common_latent_u_net__large_mae_h,rendered_common_latent_u_net__large_mae_l,rendered_common_latent_u_net__large_rmse,rendered_common_latent_u_net__large_ssim,rendered_common_margin_h,rendered_common_margin_l,rendered_common_margin_s,rendered_common_pd_bg_rfm_mae,rendered_common_pd_bg_rfm_mae_h,rendered_common_pd_bg_rfm_mae_l,rendered_common_pd_bg_rfm_rmse,rendered_common_pd_bg_rfm_ssim,rendered_common_upfwi_mae,rendered_common_upfwi_mae_h,rendered_common_upfwi_mae_l,rendered_common_upfwi_rmse,rendered_common_upfwi_ssim,rendered_common_velocitygan_mae,rendered_common_velocitygan_mae_h,rendered_common_velocitygan_mae_l,rendered_common_velocitygan_rmse,rendered_common_velocitygan_ssim,rendered_native_auto_linear_mae,rendered_native_auto_linear_mae_h,rendered_native_auto_linear_mae_l,rendered_native_auto_linear_rmse,rendered_native_auto_linear_ssim,rendered_native_inversionnet_mae,rendered_native_inversionnet_mae_h,rendered_native_inversionnet_mae_l,rendered_native_inversionnet_rmse,rendered_native_inversionnet_ssim,rendered_native_latent_u_net__large_mae,rendered_native_latent_u_net__large_mae_h,rendered_native_latent_u_net__large_mae_l,rendered_native_latent_u_net__large_rmse,rendered_native_latent_u_net__large_ssim,rendered_native_pd_bg_rfm_mae,rendered_native_pd_bg_rfm_mae_h,rendered_native_pd_bg_rfm_mae_l,rendered_native_pd_bg_rfm_rmse,rendered_native_pd_bg_rfm_ssim,rendered_native_upfwi_mae,rendered_native_upfwi_mae_h,rendered_native_upfwi_mae_l,rendered_native_upfwi_rmse,rendered_native_upfwi_ssim,rendered_native_velocitygan_mae,rendered_native_velocitygan_mae_h,rendered_native_velocitygan_mae_l,rendered_native_velocitygan_rmse,rendered_native_velocitygan_ssim,selection_group,selection_position,selection_status,source_sample_index
logs/bg_pdr_fm/aaai27/formal/adapted_auto_linear_original_paper35m_multimodal/checkpoints/last.ckpt,logs/bg_pdr_fm/aaai27/formal/adapted_inversion_net_official_e100/checkpoints/last.ckpt,logs/bg_pdr_fm/aaai27/formal/adapted_gfi_latent_unet_e100/checkpoints/adapted-gfi-latent-unet-e100-resume-95-loss0.0071.ckpt,logs/bg_pdr_fm/joint_full_contrastive_bgfm_pixelfm_predbg_e100/lightning/checkpoints/joint_full_contrastive_bgfm_pixelfm_predbg_e100-epoch_99-loss0.1036.ckpt,logs/bg_pdr_fm/aaai27/formal/adapted_upfwi_official_e100/checkpoints/last.ckpt,logs/bg_pdr_fm/aaai27/formal/velocity_gan_official_e100/checkpoints/last.ckpt,margin_l,4,FlatFaultA,0.01829548552632332,0.01512155495584011,0.010556487366557121,0.054663218557834625,0.991922914981842,0.011746774427592754,0.006503573153167963,0.008867830969393253,0.0372132882475853,0.9960589408874512,0.011035670526325703,0.003748519578948617,0.009329902939498425,0.018109675496816635,0.9799108505249023,-0.0017227728385478258,0.00411097751930356,0.0033935904502868652,0.007709660567343235,0.005471292417496443,0.004756853450089693,0.02525140531361103,0.999452531337738,0.012853131629526615,0.007303168065845966,0.009623048827052116,0.05361155420541763,0.9872502088546753,0.056407757103443146,0.01353087555617094,0.05311199650168419,0.12083295732736588,-0.43783479928970337,seismic_global,seismic_global,seismic_global,openfwi,seismic_global,seismic_global,1187326543,"[1, 1, 70, 70]",0.030492473393678665,0.025202587246894836,0.017594147473573685,0.09110533446073532,0.9930843114852905,0.019577771425247192,0.01083923690021038,0.014779548160731792,0.06202190741896629,0.9967784881591797,0.018392784520983696,0.006247535347938538,0.015549836680293083,0.030182810500264168,0.9989520311355591,0.0009308531880378723,0.009908685460686684,0.0003959536552429199,0.007572497241199017,0.005316682159900665,0.004870862700045109,0.028005676344037056,0.999347984790802,0.02142176777124405,0.012172074988484383,0.016038281843066216,0.0893530547618866,0.9932882785797119,0.09401299804449081,0.022551432251930237,0.08852005749940872,0.20138821005821228,0.9477108120918274,0.01829548180103302,0.015121553093194962,0.010556483641266823,0.05466319993138313,0.9919230341911316,0.011746665462851524,0.00650354428216815,0.008867730386555195,0.037213146686553955,0.9960590600967407,0.011035671457648277,0.003748522372916341,0.009329902939498425,0.018109682947397232,0.9799107909202576,0.0075724986381828785,0.00531668309122324,0.004870864562690258,0.028005676344037056,0.9993479251861572,0.012853063642978668,0.007303245831280947,0.009622969664633274,0.05361183360219002,0.9872496724128723,0.056407805532217026,0.013530858792364597,0.05311203375458717,0.12083292752504349,-0.4378315210342407,advantage,0,selected,22085
logs/bg_pdr_fm/aaai27/formal/adapted_auto_linear_original_paper35m_multimodal/checkpoints/last.ckpt,logs/bg_pdr_fm/aaai27/formal/adapted_inversion_net_official_e100/checkpoints/last.ckpt,logs/bg_pdr_fm/aaai27/formal/adapted_gfi_latent_unet_e100/checkpoints/adapted-gfi-latent-unet-e100-resume-95-loss0.0071.ckpt,logs/bg_pdr_fm/joint_full_contrastive_bgfm_pixelfm_predbg_e100/lightning/checkpoints/joint_full_contrastive_bgfm_pixelfm_predbg_e100-epoch_99-loss0.1036.ckpt,logs/bg_pdr_fm/aaai27/formal/adapted_upfwi_official_e100/checkpoints/last.ckpt,logs/bg_pdr_fm/aaai27/formal/velocity_gan_official_e100/checkpoints/last.ckpt,margin_h,3,CurveVelB,0.10757197439670563,0.09066535532474518,0.05368289723992348,0.1801670491695404,0.8358180522918701,0.03581641986966133,0.03660905361175537,0.021084442734718323,0.10095008462667465,0.9523451328277588,0.020512929186224937,0.014536983333528042,0.010949432849884033,0.047480735927820206,0.9664765000343323,0.002498009242117405,-0.00742015615105629,0.03117966651916504,0.025680186226963997,0.012038974091410637,0.018369589000940323,0.039470769464969635,0.9976561665534973,0.0375635139644146,0.033643726259469986,0.0220629945397377,0.09831571578979492,0.8349006772041321,0.06823001056909561,0.06170441210269928,0.03446705639362335,0.1400163769721985,0.6398605704307556,seismic_global,seismic_global,seismic_global,openfwi,seismic_global,seismic_global,1738455128,"[1, 1, 70, 70]",0.17928659915924072,0.15110890567302704,0.0894714817404747,0.3002783954143524,0.845723032951355,0.05969400331377983,0.06101512536406517,0.035140689462423325,0.1682501584291458,0.9554691314697266,0.034188199788331985,0.024228304624557495,0.018249038606882095,0.07913455367088318,0.9901389479637146,0.00855841115117073,-0.009492069482803345,0.005481600761413574,0.03749508038163185,0.015669893473386765,0.02774110808968544,0.05166688188910484,0.9956205487251282,0.06260577589273453,0.05607277899980545,0.03677160292863846,0.1638592928647995,0.9583311676979065,0.11371681839227676,0.10284072905778885,0.05744517967104912,0.23336069285869598,0.9133822917938232,0.10757195949554443,0.09066534787416458,0.05368289723992348,0.1801670342683792,0.8358184099197388,0.03581640496850014,0.03660907223820686,0.021084416657686234,0.10095009207725525,0.9523444771766663,0.020512929186224937,0.014536983333528042,0.010949431918561459,0.04748072847723961,0.9664766192436218,0.03749510645866394,0.015669897198677063,0.027741119265556335,0.05166689679026604,0.9956204891204834,0.037563469260931015,0.03364366665482521,0.022062961012125015,0.09831556677818298,0.8349016904830933,0.06823008507490158,0.06170443817973137,0.03446710854768753,0.14001640677452087,0.6398486495018005,advantage,1,selected,23726
logs/bg_pdr_fm/aaai27/formal/adapted_auto_linear_original_paper35m_multimodal/checkpoints/last.ckpt,logs/bg_pdr_fm/aaai27/formal/adapted_inversion_net_official_e100/checkpoints/last.ckpt,logs/bg_pdr_fm/aaai27/formal/adapted_gfi_latent_unet_e100/checkpoints/adapted-gfi-latent-unet-e100-resume-95-loss0.0071.ckpt,logs/bg_pdr_fm/joint_full_contrastive_bgfm_pixelfm_predbg_e100/lightning/checkpoints/joint_full_contrastive_bgfm_pixelfm_predbg_e100-epoch_99-loss0.1036.ckpt,logs/bg_pdr_fm/aaai27/formal/adapted_upfwi_official_e100/checkpoints/last.ckpt,logs/bg_pdr_fm/aaai27/formal/velocity_gan_official_e100/checkpoints/last.ckpt,margin_s,2,CurveVelA,0.026918312534689903,0.01886843889951706,0.015165378339588642,0.03872738033533096,0.8176010251045227,0.009170345030725002,0.006833471357822418,0.005819587968289852,0.020362718030810356,0.8481472134590149,0.006365856155753136,0.002294918056577444,0.005433192476630211,0.008692555129528046,0.7642439007759094,-0.001138597959652543,-0.0037715956568717957,0.10919153690338135,0.010700003243982792,0.003433516016229987,0.009204788133502007,0.014369462616741657,0.9991733431816101,0.010165531188249588,0.0080069275572896,0.005532767623662949,0.020971089601516724,0.8899818062782288,0.016924753785133362,0.011576187796890736,0.011252841912209988,0.028017837554216385,0.8696029782295227,seismic_global,seismic_global,seismic_global,openfwi,seismic_global,seismic_global,616266195,"[1, 1, 70, 70]",0.044863905757665634,0.031447406858205795,0.025275669991970062,0.06454566866159439,0.9835176467895508,0.01528398972004652,0.011389105580747128,0.009699387475848198,0.03393786773085594,0.9954764246940613,0.01060977578163147,0.0038248638156801462,0.009055339731276035,0.01448760088533163,0.9991322159767151,-0.00029817339964210987,0.001067555509507656,0.0001906752586364746,0.00981877651065588,0.004123037215322256,0.00798778422176838,0.01307091023772955,0.9993228912353516,0.016942642629146576,0.01334489043802023,0.009221379645168781,0.03495187684893608,0.9952243566513062,0.028207939118146896,0.019293667748570442,0.01875467784702778,0.04669640213251114,0.9916510581970215,0.026918329298496246,0.018868442624807358,0.015165393240749836,0.03872739523649216,0.8176015019416809,0.009170390665531158,0.006833462044596672,0.005819632206112146,0.020362718030810356,0.8481420278549194,0.006365862209349871,0.002294918755069375,0.005433198530226946,0.008692558854818344,0.7642435431480408,0.009818777441978455,0.004123038612306118,0.007987785153090954,0.01307091023772955,0.9993228912353516,0.010165579617023468,0.008006934076547623,0.005532822106033564,0.02097112312912941,0.8899765014648438,0.01692475751042366,0.01157620083540678,0.011252802796661854,0.028017839416861534,0.8696123957633972,advantage,2,selected,3929
logs/bg_pdr_fm/aaai27/formal/adapted_auto_linear_original_paper35m_multimodal/checkpoints/last.ckpt,logs/bg_pdr_fm/aaai27/formal/adapted_inversion_net_official_e100/checkpoints/last.ckpt,logs/bg_pdr_fm/aaai27/formal/adapted_gfi_latent_unet_e100/checkpoints/adapted-gfi-latent-unet-e100-resume-95-loss0.0071.ckpt,logs/bg_pdr_fm/joint_full_contrastive_bgfm_pixelfm_predbg_e100/lightning/checkpoints/joint_full_contrastive_bgfm_pixelfm_predbg_e100-epoch_99-loss0.1036.ckpt,logs/bg_pdr_fm/aaai27/formal/adapted_upfwi_official_e100/checkpoints/last.ckpt,logs/bg_pdr_fm/aaai27/formal/velocity_gan_official_e100/checkpoints/last.ckpt,margin_s_max,6,CurveFaultA,0.01911148428916931,0.015144744887948036,0.011031235568225384,0.049398329108953476,0.8376389145851135,0.01050342246890068,0.005199141800403595,0.008256711065769196,0.023979293182492256,0.8915221095085144,0.010433598421514034,0.0037899184972047806,0.00856983382254839,0.018394533544778824,0.7364267706871033,-0.004199123941361904,-0.004293520003557205,0.09442222118377686,0.014687351882457733,0.007989042438566685,0.011770208366215229,0.03384723514318466,0.9987220168113708,0.010710998438298702,0.00700242118909955,0.007476688362658024,0.04938415437936783,0.904299795627594,0.025646155700087547,0.010390611365437508,0.022089816629886627,0.04909093305468559,0.4283777177333832,seismic_global,seismic_global,seismic_global,openfwi,seismic_global,seismic_global,30261067,"[1, 1, 70, 70]",0.03185243159532547,0.025241248309612274,0.018385345116257668,0.08233054727315903,0.9938073754310608,0.01750575564801693,0.008665250614285469,0.013761226087808609,0.03996555507183075,0.9984372854232788,0.017389345914125443,0.006316530518233776,0.014283070340752602,0.03065754845738411,0.9987662434577942,-0.0013610566966235638,0.005052400752902031,0.0003413558006286621,0.010838165879249573,0.00767758721485734,0.0074087632820010185,0.03168708086013794,0.9991075992584229,0.01785171590745449,0.01167074590921402,0.01246116403490305,0.08230704069137573,0.9939385652542114,0.04274357110261917,0.017317714169621468,0.0368163138628006,0.08181830495595932,0.9925658702850342,0.019111476838588715,0.015144748613238335,0.011031228117644787,0.049398332834243774,0.8376387357711792,0.01050343457609415,0.005199152044951916,0.008256717585027218,0.023979326710104942,0.8915277719497681,0.01043359562754631,0.0037899177987128496,0.008569829165935516,0.018394527956843376,0.736426830291748,0.010838166810572147,0.007677584420889616,0.007408765610307455,0.03168708086013794,0.9991075992584229,0.010711031965911388,0.0070024472661316395,0.007476702332496643,0.0493842214345932,0.904305636882782,0.025646120309829712,0.010390629991889,0.022089771926403046,0.049090974032878876,0.428381085395813,representative,0,selected,26193
logs/bg_pdr_fm/aaai27/formal/adapted_auto_linear_original_paper35m_multimodal/checkpoints/last.ckpt,logs/bg_pdr_fm/aaai27/formal/adapted_inversion_net_official_e100/checkpoints/last.ckpt,logs/bg_pdr_fm/aaai27/formal/adapted_gfi_latent_unet_e100/checkpoints/adapted-gfi-latent-unet-e100-resume-95-loss0.0071.ckpt,logs/bg_pdr_fm/joint_full_contrastive_bgfm_pixelfm_predbg_e100/lightning/checkpoints/joint_full_contrastive_bgfm_pixelfm_predbg_e100-epoch_99-loss0.1036.ckpt,logs/bg_pdr_fm/aaai27/formal/adapted_upfwi_official_e100/checkpoints/last.ckpt,logs/bg_pdr_fm/aaai27/formal/velocity_gan_official_e100/checkpoints/last.ckpt,margin_s_max,7,CurveFaultB,0.04847896471619606,0.03813786059617996,0.022703619673848152,0.078008271753788,0.9047893285751343,0.028336193412542343,0.026151129975914955,0.011425417847931385,0.06471961736679077,0.8665372133255005,0.015793541446328163,0.01042474526911974,0.00920974463224411,0.0323178805410862,0.8203304409980774,-0.006465739570558071,-0.008978588506579399,0.08849883079528809,0.028027474880218506,0.01689048483967781,0.01818833313882351,0.05573886260390282,0.9932881593704224,0.034092508256435394,0.027120772749185562,0.016601886600255966,0.06638141721487045,0.8527785539627075,0.04409858211874962,0.034158241003751755,0.02561226300895214,0.08165502548217773,-0.007928370498120785,seismic_global,seismic_global,seismic_global,openfwi,seismic_global,seismic_global,1694167394,"[1, 1, 70, 70]",0.08079826831817627,0.06356309354305267,0.03783934563398361,0.13001377880573273,0.962837278842926,0.047227077186107635,0.04358529672026634,0.019042417407035828,0.10786620527505875,0.9750271439552307,0.026322532445192337,0.017374569550156593,0.015349538065493107,0.05386311933398247,0.9934570789337158,0.0017245765775442123,-0.004704547114670277,0.0001990795135498047,0.029458018019795418,0.01564999297261238,0.020054085180163383,0.05432974547147751,0.9936561584472656,0.05682092159986496,0.04520130902528763,0.027669895440340042,0.11063569784164429,0.9740296602249146,0.07349760830402374,0.056930430233478546,0.04268709197640419,0.13609179854393005,0.95917809009552,0.04847896471619606,0.03813786059617996,0.022703617811203003,0.078008271753788,0.9047895669937134,0.028336256742477417,0.026151182129979134,0.011425458826124668,0.06471972912549973,0.8665345311164856,0.015793532133102417,0.010424744337797165,0.009209736250340939,0.0323178768157959,0.8203311562538147,0.02945803664624691,0.015650000423192978,0.020054101943969727,0.0543297603726387,0.9936562776565552,0.03409254178404808,0.027120783925056458,0.01660192757844925,0.06638141721487045,0.8527714014053345,0.04409855604171753,0.03415825590491295,0.025612251833081245,0.08165507763624191,-0.007927542552351952,representative,1,selected,7449
logs/bg_pdr_fm/aaai27/formal/adapted_auto_linear_original_paper35m_multimodal/checkpoints/last.ckpt,logs/bg_pdr_fm/aaai27/formal/adapted_inversion_net_official_e100/checkpoints/last.ckpt,logs/bg_pdr_fm/aaai27/formal/adapted_gfi_latent_unet_e100/checkpoints/adapted-gfi-latent-unet-e100-resume-95-loss0.0071.ckpt,logs/bg_pdr_fm/joint_full_contrastive_bgfm_pixelfm_predbg_e100/lightning/checkpoints/joint_full_contrastive_bgfm_pixelfm_predbg_e100-epoch_99-loss0.1036.ckpt,logs/bg_pdr_fm/aaai27/formal/adapted_upfwi_official_e100/checkpoints/last.ckpt,logs/bg_pdr_fm/aaai27/formal/velocity_gan_official_e100/checkpoints/last.ckpt,margin_s_max,2,CurveVelA,0.026918312534689903,0.01886843889951706,0.015165378339588642,0.03872738033533096,0.8176010251045227,0.009170345030725002,0.006833471357822418,0.005819587968289852,0.020362718030810356,0.8481472134590149,0.006365856155753136,0.002294918056577444,0.005433192476630211,0.008692555129528046,0.7642439007759094,-0.001138597959652543,-0.0037715956568717957,0.10919153690338135,0.010700003243982792,0.003433516016229987,0.009204788133502007,0.014369462616741657,0.9991733431816101,0.010165531188249588,0.0080069275572896,0.005532767623662949,0.020971089601516724,0.8899818062782288,0.016924753785133362,0.011576187796890736,0.011252841912209988,0.028017837554216385,0.8696029782295227,seismic_global,seismic_global,seismic_global,openfwi,seismic_global,seismic_global,616266195,"[1, 1, 70, 70]",0.044863905757665634,0.031447406858205795,0.025275669991970062,0.06454566866159439,0.9835176467895508,0.01528398972004652,0.011389105580747128,0.009699387475848198,0.03393786773085594,0.9954764246940613,0.01060977578163147,0.0038248638156801462,0.009055339731276035,0.01448760088533163,0.9991322159767151,-0.00029817339964210987,0.001067555509507656,0.0001906752586364746,0.00981877651065588,0.004123037215322256,0.00798778422176838,0.01307091023772955,0.9993228912353516,0.016942642629146576,0.01334489043802023,0.009221379645168781,0.03495187684893608,0.9952243566513062,0.028207939118146896,0.019293667748570442,0.01875467784702778,0.04669640213251114,0.9916510581970215,0.026918329298496246,0.018868442624807358,0.015165393240749836,0.03872739523649216,0.8176015019416809,0.009170390665531158,0.006833462044596672,0.005819632206112146,0.020362718030810356,0.8481420278549194,0.006365862209349871,0.002294918755069375,0.005433198530226946,0.008692558854818344,0.7642435431480408,0.009818777441978455,0.004123038612306118,0.007987785153090954,0.01307091023772955,0.9993228912353516,0.010165579617023468,0.008006934076547623,0.005532822106033564,0.02097112312912941,0.8899765014648438,0.01692475751042366,0.01157620083540678,0.011252802796661854,0.028017839416861534,0.8696123957633972,representative,2,selected,3929
logs/bg_pdr_fm/aaai27/formal/adapted_auto_linear_original_paper35m_multimodal/checkpoints/last.ckpt,logs/bg_pdr_fm/aaai27/formal/adapted_inversion_net_official_e100/checkpoints/last.ckpt,logs/bg_pdr_fm/aaai27/formal/adapted_gfi_latent_unet_e100/checkpoints/adapted-gfi-latent-unet-e100-resume-95-loss0.0071.ckpt,logs/bg_pdr_fm/joint_full_contrastive_bgfm_pixelfm_predbg_e100/lightning/checkpoints/joint_full_contrastive_bgfm_pixelfm_predbg_e100-epoch_99-loss0.1036.ckpt,logs/bg_pdr_fm/aaai27/formal/adapted_upfwi_official_e100/checkpoints/last.ckpt,logs/bg_pdr_fm/aaai27/formal/velocity_gan_official_e100/checkpoints/last.ckpt,margin_s_max,3,CurveVelB,0.0859885960817337,0.06180267781019211,0.04881013184785843,0.1692194640636444,0.8070728778839111,0.0206769872456789,0.015983575955033302,0.013962788507342339,0.0651082918047905,0.5839929580688477,0.01002255454659462,0.004404973238706589,0.00743355555459857,0.016787610948085785,0.7545329928398132,-0.0036925068125128746,-0.014747171197086573,0.190374493598938,0.02688325196504593,0.008097480051219463,0.022180726751685143,0.04157283529639244,0.9974473714828491,0.026598701253533363,0.021287962794303894,0.015792332589626312,0.077488012611866,0.5613790154457092,0.038997262716293335,0.035084277391433716,0.025701217353343964,0.10933906584978104,0.4112105369567871,seismic_global,seismic_global,seismic_global,openfwi,seismic_global,seismic_global,1886712692,"[1, 1, 70, 70]",0.14331433176994324,0.10300447791814804,0.08135022222995758,0.2820325195789337,0.876822829246521,0.034461718052625656,0.026639314368367195,0.023271387442946434,0.10851390659809113,0.9824850559234619,0.016704289242625237,0.007341625634580851,0.012389294803142548,0.027979400008916855,0.9986297488212585,-0.00044539524242281914,-0.008813530206680298,-0.0004891157150268555,0.02616390585899353,0.00778702087700367,0.021202825009822845,0.03547888249158859,0.9981406331062317,0.04433122277259827,0.0354798287153244,0.02632060833275318,0.12914633750915527,0.9754490852355957,0.06499547511339188,0.058473795652389526,0.04283541440963745,0.1822318285703659,0.9520283341407776,0.0859885886311531,0.06180267781019211,0.04881012439727783,0.169219508767128,0.8070737719535828,0.020677005872130394,0.015983587130904198,0.013962807133793831,0.06510833650827408,0.5839938521385193,0.010022553615272045,0.004404974170029163,0.007433557417243719,0.01678762212395668,0.7545340061187744,0.02616390585899353,0.007787019480019808,0.021202823147177696,0.03547888249158859,0.9981407523155212,0.026598703116178513,0.02128789573907852,0.01579234004020691,0.07748778164386749,0.5613720417022705,0.03899730369448662,0.03508427366614342,0.025701267644762993,0.10933911055326462,0.41120851039886475,representative,3,selected,26377
logs/bg_pdr_fm/aaai27/formal/adapted_auto_linear_original_paper35m_multimodal/checkpoints/last.ckpt,logs/bg_pdr_fm/aaai27/formal/adapted_inversion_net_official_e100/checkpoints/last.ckpt,logs/bg_pdr_fm/aaai27/formal/adapted_gfi_latent_unet_e100/checkpoints/adapted-gfi-latent-unet-e100-resume-95-loss0.0071.ckpt,logs/bg_pdr_fm/joint_full_contrastive_bgfm_pixelfm_predbg_e100/lightning/checkpoints/joint_full_contrastive_bgfm_pixelfm_predbg_e100-epoch_99-loss0.1036.ckpt,logs/bg_pdr_fm/aaai27/formal/adapted_upfwi_official_e100/checkpoints/last.ckpt,logs/bg_pdr_fm/aaai27/formal/velocity_gan_official_e100/checkpoints/last.ckpt,margin_s_max,4,FlatFaultA,0.013957662507891655,0.012756306678056717,0.008272239938378334,0.05322645232081413,0.7587961554527283,0.010375087149441242,0.0031807878986001015,0.008783852681517601,0.027445368468761444,0.9448928833007812,0.011790158227086067,0.002631793264299631,0.010609454475343227,0.01595325954258442,0.5269624590873718,-0.004155512899160385,-0.014316234737634659,0.05338162183761597,0.02442009001970291,0.006787306163460016,0.022588474676012993,0.031329721212387085,0.9982745051383972,0.014961902983486652,0.005898313596844673,0.0118537787348032,0.07309368997812271,0.7435681819915771,0.06040508672595024,0.011933816596865654,0.05828610807657242,0.1295999139547348,-0.08162769675254822,seismic_global,seismic_global,seismic_global,openfwi,seismic_global,seismic_global,692042440,"[1, 1, 70, 70]",0.023262757807970047,0.021260498091578484,0.013787041418254375,0.08871065080165863,0.9943908452987671,0.017291726544499397,0.005301306955516338,0.01463967002928257,0.04574223980307579,0.998525857925415,0.01965024136006832,0.004386322572827339,0.017682397738099098,0.026588747277855873,0.9986817240715027,0.00014708656817674637,-0.003108399920165539,0.00025194883346557617,0.01845029555261135,0.004239236004650593,0.016895441338419914,0.023798370733857155,0.9989336729049683,0.024936426430940628,0.009830513969063759,0.019756218418478966,0.12182285636663437,0.9896574020385742,0.10067494958639145,0.019889716058969498,0.09714329987764359,0.21599991619586945,0.9354024529457092,0.0139576755464077,0.01275630109012127,0.008272250182926655,0.05322639271616936,0.7587975263595581,0.010375067591667175,0.003180785570293665,0.00878383219242096,0.02744535356760025,0.9448953866958618,0.01179017499089241,0.0026317941956222057,0.010609469376504421,0.015953276306390762,0.5269652605056763,0.018450293689966202,0.004239235073328018,0.016895441338419914,0.023798368871212006,0.9989336729049683,0.01496188435703516,0.005898310337215662,0.011853756383061409,0.0730937123298645,0.7435644268989563,0.06040501222014427,0.011933832429349422,0.05828601494431496,0.12959995865821838,-0.08162623643875122,representative,4,selected,10401
logs/bg_pdr_fm/aaai27/formal/adapted_auto_linear_original_paper35m_multimodal/checkpoints/last.ckpt,logs/bg_pdr_fm/aaai27/formal/adapted_inversion_net_official_e100/checkpoints/last.ckpt,logs/bg_pdr_fm/aaai27/formal/adapted_gfi_latent_unet_e100/checkpoints/adapted-gfi-latent-unet-e100-resume-95-loss0.0071.ckpt,logs/bg_pdr_fm/joint_full_contrastive_bgfm_pixelfm_predbg_e100/lightning/checkpoints/joint_full_contrastive_bgfm_pixelfm_predbg_e100-epoch_99-loss0.1036.ckpt,logs/bg_pdr_fm/aaai27/formal/adapted_upfwi_official_e100/checkpoints/last.ckpt,logs/bg_pdr_fm/aaai27/formal/velocity_gan_official_e100/checkpoints/last.ckpt,margin_s_max,5,FlatFaultB,0.05176866799592972,0.032848503440618515,0.031544920057058334,0.08689583837985992,0.8779816627502441,0.016519488766789436,0.01259271614253521,0.01046161912381649,0.04298550263047218,0.9058730602264404,0.009592756628990173,0.004518578760325909,0.007233867887407541,0.01778685860335827,0.8795963525772095,-0.0034382008016109467,-0.008023233618587255,0.09234780073165894,0.019166577607393265,0.007956779561936855,0.015257101505994797,0.031029285863041878,0.9982208609580994,0.01914602890610695,0.01581031270325184,0.012367122806608677,0.052121371030807495,0.8339872360229492,0.025791998952627182,0.019845815375447273,0.01616009697318077,0.06082092598080635,0.8620733022689819,seismic_global,seismic_global,seismic_global,openfwi,seismic_global,seismic_global,837114732,"[1, 1, 70, 70]",0.08628110587596893,0.05474748834967613,0.05257486179471016,0.14482636749744415,0.9642661809921265,0.02753249742090702,0.020987873896956444,0.017436033114790916,0.07164257764816284,0.9913457036018372,0.0159879382699728,0.007530965842306614,0.012056458741426468,0.02964477241039276,0.9983599185943604,-0.0008609341457486153,-0.001188867725431919,-0.00023472309112548828,0.01748739741742611,0.00839189998805523,0.013245326466858387,0.033560916781425476,0.9981251955032349,0.031910039484500885,0.02635050192475319,0.020611850544810295,0.08686881512403488,0.9872503876686096,0.042986657470464706,0.033076364547014236,0.026933468878269196,0.10136821866035461,0.9824554324150085,0.05176865682005882,0.03284849599003792,0.031544916331768036,0.08689583092927933,0.8779826760292053,0.016519498080015182,0.012592725455760956,0.010461620055139065,0.042985547333955765,0.9058735966682434,0.009592756628990173,0.004518578760325909,0.007233872078359127,0.017786860466003418,0.8795961141586304,0.01748739741742611,0.00839189998805523,0.013245326466858387,0.03356091305613518,0.9981251955032349,0.019146021455526352,0.015810301527380943,0.012367108836770058,0.05212129279971123,0.8339915871620178,0.025791984051465988,0.019845817238092422,0.01616007462143898,0.06082092598080635,0.8620749115943909,representative,5,selected,21686
logs/bg_pdr_fm/aaai27/formal/adapted_auto_linear_original_paper35m_multimodal/checkpoints/last.ckpt,logs/bg_pdr_fm/aaai27/formal/adapted_inversion_net_official_e100/checkpoints/last.ckpt,logs/bg_pdr_fm/aaai27/formal/adapted_gfi_latent_unet_e100/checkpoints/adapted-gfi-latent-unet-e100-resume-95-loss0.0071.ckpt,logs/bg_pdr_fm/joint_full_contrastive_bgfm_pixelfm_predbg_e100/lightning/checkpoints/joint_full_contrastive_bgfm_pixelfm_predbg_e100-epoch_99-loss0.1036.ckpt,logs/bg_pdr_fm/aaai27/formal/adapted_upfwi_official_e100/checkpoints/last.ckpt,logs/bg_pdr_fm/aaai27/formal/velocity_gan_official_e100/checkpoints/last.ckpt,margin_s_max,0,FlatVelA,0.011056065559387207,0.005910491570830345,0.008438805118203163,0.017356781288981438,0.9085928201675415,0.008784466423094273,0.003507148241624236,0.007247983943670988,0.02070578746497631,0.8936798572540283,0.009929408319294453,0.004026051610708237,0.008159575052559376,0.026614613831043243,0.8091847896575928,-0.0022331762593239546,-0.0028450344689190388,0.04908609390258789,0.012138544581830502,0.005740324500948191,0.010093018412590027,0.02009628340601921,0.9588165283203125,0.010185269638895988,0.0035438803024590015,0.008736366406083107,0.019730379804968834,0.9097304344177246,0.09258962422609329,0.02582390233874321,0.08302965760231018,0.17319607734680176,0.0015007323818281293,seismic_global,seismic_global,seismic_global,openfwi,seismic_global,seismic_global,272176907,"[1, 1, 70, 70]",0.01842675544321537,0.009850818663835526,0.014064653776586056,0.02892792969942093,0.8870392441749573,0.014640729874372482,0.0058452230878174305,0.01207992248237133,0.03450950235128403,0.8724575638771057,0.016548961400985718,0.006710086017847061,0.013599233701825142,0.04435764625668526,0.769079327583313,0.001712022814899683,-0.002626141533255577,0.0728386640548706,0.01638839580118656,0.0041332002729177475,0.014706064015626907,0.021356163546442986,0.9635729789733887,0.016975054517388344,0.005906472448259592,0.014560201205313206,0.03288384526968002,0.8907343149185181,0.15431596338748932,0.04303987696766853,0.1383826732635498,0.2886602282524109,-0.023057160899043083,0.011056065559387207,0.005910489242523909,0.008438806049525738,0.017356770113110542,0.908592700958252,0.008784462697803974,0.0035071331076323986,0.0072479830123484135,0.020705703645944595,0.8936804533004761,0.009929405525326729,0.004026051145046949,0.008159573189914227,0.02661459520459175,0.8091848492622375,0.016388392075896263,0.004133204463869333,0.014706061221659184,0.021356161683797836,0.9635732173919678,0.010185064747929573,0.0035438821651041508,0.008736157789826393,0.01973031461238861,0.9097294807434082,0.09258958697319031,0.0258239284157753,0.0830296203494072,0.17319615185260773,0.0015003376174718142,representative,6,selected,101
logs/bg_pdr_fm/aaai27/formal/adapted_auto_linear_original_paper35m_multimodal/checkpoints/last.ckpt,logs/bg_pdr_fm/aaai27/formal/adapted_inversion_net_official_e100/checkpoints/last.ckpt,logs/bg_pdr_fm/aaai27/formal/adapted_gfi_latent_unet_e100/checkpoints/adapted-gfi-latent-unet-e100-resume-95-loss0.0071.ckpt,logs/bg_pdr_fm/joint_full_contrastive_bgfm_pixelfm_predbg_e100/lightning/checkpoints/joint_full_contrastive_bgfm_pixelfm_predbg_e100-epoch_99-loss0.1036.ckpt,logs/bg_pdr_fm/aaai27/formal/adapted_upfwi_official_e100/checkpoints/last.ckpt,logs/bg_pdr_fm/aaai27/formal/velocity_gan_official_e100/checkpoints/last.ckpt,margin_s_max,1,FlatVelB,0.06182820722460747,0.04447568953037262,0.046254467219114304,0.12010402232408524,0.4919130504131317,0.007436210289597511,0.0017120348056778312,0.00673669995740056,0.009386123158037663,0.6556017398834229,0.008997558616101742,0.0018056402914226055,0.00814395397901535,0.012479967437684536,0.7259107232093811,-0.0026781094493344426,-0.014551323372870684,0.16934603452682495,0.024028731510043144,0.004390144255012274,0.021081868559122086,0.029400810599327087,0.9987255334854126,0.0075173950754106045,0.0021843838039785624,0.006530545186251402,0.011566118337213993,0.8293794989585876,0.025331106036901474,0.008451760746538639,0.021373214200139046,0.04095416143536568,0.38368937373161316,seismic_global,seismic_global,seismic_global,openfwi,seismic_global,seismic_global,803959954,"[1, 1, 70, 70]",0.1030469462275505,0.07412615418434143,0.07709068804979324,0.2001732885837555,0.9501144886016846,0.012393674813210964,0.0028533837758004665,0.011227833107113838,0.015643496066331863,0.9993027448654175,0.014995978213846684,0.0030094077810645103,0.013573301956057549,0.02080000750720501,0.999178946018219,-0.0029140417464077473,-0.015836451202630997,-0.0011365413665771484,0.030392693355679512,0.005767425522208214,0.02672056294977665,0.03653663024306297,0.9982516169548035,0.012528842315077782,0.003640606999397278,0.010884111747145653,0.019276561215519905,0.9993881583213806,0.04221862182021141,0.014086266048252583,0.03562214970588684,0.06825698167085648,0.9918429255485535,0.06182815134525299,0.04447568580508232,0.04625440761446953,0.12010397762060165,0.49191367626190186,0.007436188869178295,0.0017120287520810962,0.006736683659255505,0.009386076591908932,0.6556019186973572,0.008997566066682339,0.0018056418048217893,0.008143960498273373,0.01247998047620058,0.7259107828140259,0.030392685905098915,0.0057674250565469265,0.02672056294977665,0.036536626517772675,0.9982513785362244,0.007517306134104729,0.00218436517752707,0.006530466489493847,0.011565925553441048,0.8293848037719727,0.02533118426799774,0.008451762609183788,0.02137329801917076,0.04095420613884926,0.3836870491504669,representative,7,selected,29501
logs/bg_pdr_fm/aaai27/formal/adapted_auto_linear_original_paper35m_multimodal/checkpoints/last.ckpt,logs/bg_pdr_fm/aaai27/formal/adapted_inversion_net_official_e100/checkpoints/last.ckpt,logs/bg_pdr_fm/aaai27/formal/adapted_gfi_latent_unet_e100/checkpoints/adapted-gfi-latent-unet-e100-resume-95-loss0.0071.ckpt,logs/bg_pdr_fm/joint_full_contrastive_bgfm_pixelfm_predbg_e100/lightning/checkpoints/joint_full_contrastive_bgfm_pixelfm_predbg_e100-epoch_99-loss0.1036.ckpt,logs/bg_pdr_fm/aaai27/formal/adapted_upfwi_official_e100/checkpoints/last.ckpt,logs/bg_pdr_fm/aaai27/formal/velocity_gan_official_e100/checkpoints/last.ckpt,margin_l,7,CurveFaultB,0.08897988498210907,0.04078046977519989,0.06143933907151222,0.1151667982339859,0.8547371029853821,0.03187669441103935,0.022180266678333282,0.01936635933816433,0.06243210285902023,0.9627696871757507,0.013598051853477955,0.006556712556630373,0.010003387928009033,0.0247951690107584,0.9859066605567932,-0.016482460778206587,-0.07422160357236862,-0.06638622283935547,0.09935879707336426,0.02303917333483696,0.08422499150037766,0.1587604135274887,0.9195204377174377,0.03703557699918747,0.026838945224881172,0.022190000861883163,0.06803542375564575,0.958238959312439,0.056916676461696625,0.03255445882678032,0.038424260914325714,0.09221159666776657,0.8508006930351257,seismic_global,seismic_global,seismic_global,openfwi,seismic_global,seismic_global,833306603,"[1, 1, 70, 70]",0.14829981327056885,0.06796743720769882,0.10239890217781067,0.1919446736574173,0.8683922290802002,0.05312779173254967,0.036967046558856964,0.03227726370096207,0.10405342280864716,0.9652448892593384,0.02266342006623745,0.010927852243185043,0.01667231321334839,0.04132528603076935,0.9939109086990356,-0.011534024029970169,-0.05686835199594498,-0.06525170803070068,0.08795429766178131,0.022461876273155212,0.07354066520929337,0.1478966921567917,0.928659200668335,0.0617259256541729,0.04473155364394188,0.03698332980275154,0.11339232325553894,0.9584159255027771,0.09486128389835358,0.05425741896033287,0.06404060125350952,0.15368622541427612,0.920937180519104,0.08897989243268967,0.04078046232461929,0.06143934652209282,0.1151667982339859,0.8547370433807373,0.03187667578458786,0.02218022570014,0.01936635561287403,0.062432046979665756,0.9627695679664612,0.013598060235381126,0.006556711159646511,0.010003396309912205,0.02479517087340355,0.9859066009521484,0.08795429766178131,0.02246187813580036,0.07354066520929337,0.1478966921567917,0.9286592602729797,0.03703555837273598,0.026838934049010277,0.022189997136592865,0.06803539395332336,0.9582390189170837,0.05691676586866379,0.03255445510149002,0.03842436149716377,0.09221173077821732,0.8508000373840332,failure,0,selected,7146
logs/bg_pdr_fm/aaai27/formal/adapted_auto_linear_original_paper35m_multimodal/checkpoints/last.ckpt,logs/bg_pdr_fm/aaai27/formal/adapted_inversion_net_official_e100/checkpoints/last.ckpt,logs/bg_pdr_fm/aaai27/formal/adapted_gfi_latent_unet_e100/checkpoints/adapted-gfi-latent-unet-e100-resume-95-loss0.0071.ckpt,logs/bg_pdr_fm/joint_full_contrastive_bgfm_pixelfm_predbg_e100/lightning/checkpoints/joint_full_contrastive_bgfm_pixelfm_predbg_e100-epoch_99-loss0.1036.ckpt,logs/bg_pdr_fm/aaai27/formal/adapted_upfwi_official_e100/checkpoints/last.ckpt,logs/bg_pdr_fm/aaai27/formal/velocity_gan_official_e100/checkpoints/last.ckpt,margin_h,3,CurveVelB,0.10891419649124146,0.08242560923099518,0.06459399312734604,0.19887050986289978,0.8096396327018738,0.03065149113535881,0.02690342254936695,0.021950360387563705,0.09128864854574203,0.9641614556312561,0.015390989370644093,0.006406266242265701,0.011509832926094532,0.02308923378586769,0.997637152671814,-0.03503825142979622,-0.06632761936634779,-0.16009306907653809,0.11242344230413437,0.04144451767206192,0.07783745229244232,0.17176486551761627,0.8375440835952759,0.031798265874385834,0.03400561213493347,0.024023879319429398,0.10917539894580841,0.9490527510643005,0.060135889798402786,0.04756482318043709,0.04071541503071785,0.13168609142303467,0.9238428473472595,seismic_global,seismic_global,seismic_global,openfwi,seismic_global,seismic_global,872356948,"[1, 1, 70, 70]",0.18152371048927307,0.13737604022026062,0.10765667259693146,0.3314509093761444,0.8049975633621216,0.05108586326241493,0.044839128851890564,0.03658397123217583,0.15214796364307404,0.959624707698822,0.025651661679148674,0.010677115991711617,0.01918306201696396,0.03848206251859665,0.961588978767395,-0.032188666984438896,-0.06926719844341278,-0.31928133964538574,0.12342098355293274,0.04286578297615051,0.08845026046037674,0.18254438042640686,0.6423076391220093,0.05299708619713783,0.056676045060157776,0.0400397889316082,0.18195894360542297,0.8696269989013672,0.100226491689682,0.07927463948726654,0.06785908341407776,0.21947667002677917,-0.29726317524909973,0.10891421884298325,0.08242561668157578,0.06459400802850723,0.19887052476406097,0.809639573097229,0.030651506036520004,0.02690347470343113,0.02195037715137005,0.09128877520561218,0.9641613364219666,0.015390995889902115,0.006406268570572138,0.011509837582707405,0.023089241236448288,0.9976370930671692,0.12342098355293274,0.04286578297615051,0.08845026791095734,0.18254438042640686,0.6423078179359436,0.03179825469851494,0.034005627036094666,0.02402387000620365,0.10917536914348602,0.9490528106689453,0.06013589724898338,0.0475647859275341,0.040715452283620834,0.1316860020160675,0.9238428473472595,failure,1,selected,1645
logs/bg_pdr_fm/aaai27/formal/adapted_auto_linear_original_paper35m_multimodal/checkpoints/last.ckpt,logs/bg_pdr_fm/aaai27/formal/adapted_inversion_net_official_e100/checkpoints/last.ckpt,logs/bg_pdr_fm/aaai27/formal/adapted_gfi_latent_unet_e100/checkpoints/adapted-gfi-latent-unet-e100-resume-95-loss0.0071.ckpt,logs/bg_pdr_fm/joint_full_contrastive_bgfm_pixelfm_predbg_e100/lightning/checkpoints/joint_full_contrastive_bgfm_pixelfm_predbg_e100-epoch_99-loss0.1036.ckpt,logs/bg_pdr_fm/aaai27/formal/adapted_upfwi_official_e100/checkpoints/last.ckpt,logs/bg_pdr_fm/aaai27/formal/velocity_gan_official_e100/checkpoints/last.ckpt,margin_s,4,FlatFaultA,0.009040058590471745,0.007030087523162365,0.00605816999450326,0.03323054313659668,0.9282234907150269,0.004009496420621872,0.002848538104444742,0.0030468450859189034,0.015469175763428211,0.9838622808456421,0.004076833836734295,0.002521168440580368,0.002863815752789378,0.01074297446757555,0.9923510551452637,-0.001835627481341362,-0.01322401617653668,-0.8321139365434647,0.017417704686522484,0.00435679592192173,0.01586286723613739,0.026666587218642235,0.160237118601799,0.003935635555535555,0.0031752754002809525,0.002638851059600711,0.015276762656867504,0.9842627644538879,0.008047369308769703,0.005569532513618469,0.006591040175408125,0.025522664189338684,0.9570453763008118,seismic_global,seismic_global,seismic_global,openfwi,seismic_global,seismic_global,296893808,"[1, 1, 70, 70]",0.01506675872951746,0.011716809123754501,0.010096938349306583,0.055384233593940735,0.9254222512245178,0.0066824909299612045,0.0047475541941821575,0.005078069865703583,0.025781914591789246,0.9679082632064819,0.006794717628508806,0.004201946780085564,0.004773027263581753,0.017904965206980705,0.9919519424438477,-0.0005183271132409573,-0.005903108045458794,-0.5565875768661499,0.012232564389705658,0.004720273893326521,0.010301179252564907,0.01951395347714424,0.43536436557769775,0.006559377536177635,0.005292123183608055,0.0043980712071061134,0.025461241602897644,0.9774579405784607,0.013412335887551308,0.009282561019062996,0.010985118336975574,0.04253782331943512,0.9460088014602661,0.009040060453116894,0.007030087057501078,0.006058169528841972,0.03323053941130638,0.9282234311103821,0.004009488970041275,0.002848532982170582,0.003046835772693157,0.015469147823750973,0.9838621616363525,0.004076833371073008,0.0025211679749190807,0.002863818546757102,0.010742980055510998,0.9923511743545532,0.012232561595737934,0.004720275290310383,0.010301176458597183,0.019513951614499092,0.43536463379859924,0.003935624845325947,0.003175274934619665,0.0026388398837298155,0.015276746824383736,0.9842627644538879,0.008047401905059814,0.005569537170231342,0.006591072306036949,0.02552269585430622,0.957045316696167,failure,2,selected,3215
