dataset_name,error_vmax_mps,error_vmin_mps,filename,mae,method,reference,rmse,source_sample_index,ssim
CurveFaultA,750.0,0.0,curvefaulta_026193__inversionnet__error__mae_0.0175.png,0.01750575564801693,InversionNet,Ground Truth,0.03996555507183075,26193,0.9984372854232788
CurveFaultA,750.0,0.0,curvefaulta_026193__velocitygan__error__mae_0.0427.png,0.04274357110261917,VelocityGAN,Ground Truth,0.08181830495595932,26193,0.9925658702850342
CurveFaultA,750.0,0.0,curvefaulta_026193__upfwi__error__mae_0.0179.png,0.01785171590745449,UPFWI,Ground Truth,0.08230704069137573,26193,0.9939385652542114
CurveFaultA,750.0,0.0,curvefaulta_026193__auto_linear__error__mae_0.0319.png,0.03185243159532547,Auto-Linear,Ground Truth,0.08233054727315903,26193,0.9938073754310608
CurveFaultA,750.0,0.0,curvefaulta_026193__latent_u_net__large__error__mae_0.0174.png,0.017389345914125443,Latent U-Net (Large),Ground Truth,0.03065754845738411,26193,0.9987662434577942
CurveFaultA,750.0,0.0,curvefaulta_026193__pd_bg_rfm__error__mae_0.0108.png,0.010838165879249573,PD-BG-RFM,Ground Truth,0.03168708086013794,26193,0.9991075992584229
CurveFaultB,750.0,0.0,curvefaultb_007449__inversionnet__error__mae_0.0472.png,0.047227077186107635,InversionNet,Ground Truth,0.10786620527505875,7449,0.9750271439552307
CurveFaultB,750.0,0.0,curvefaultb_007449__velocitygan__error__mae_0.0735.png,0.07349760830402374,VelocityGAN,Ground Truth,0.13609179854393005,7449,0.95917809009552
CurveFaultB,750.0,0.0,curvefaultb_007449__upfwi__error__mae_0.0568.png,0.05682092159986496,UPFWI,Ground Truth,0.11063569784164429,7449,0.9740296602249146
CurveFaultB,750.0,0.0,curvefaultb_007449__auto_linear__error__mae_0.0808.png,0.08079826831817627,Auto-Linear,Ground Truth,0.13001377880573273,7449,0.962837278842926
CurveFaultB,750.0,0.0,curvefaultb_007449__latent_u_net__large__error__mae_0.0263.png,0.026322532445192337,Latent U-Net (Large),Ground Truth,0.05386311933398247,7449,0.9934570789337158
CurveFaultB,750.0,0.0,curvefaultb_007449__pd_bg_rfm__error__mae_0.0295.png,0.029458018019795418,PD-BG-RFM,Ground Truth,0.05432974547147751,7449,0.9936561584472656
CurveVelA,750.0,0.0,curvevela_003929__inversionnet__error__mae_0.0153.png,0.01528398972004652,InversionNet,Ground Truth,0.03393786773085594,3929,0.9954764246940613
CurveVelA,750.0,0.0,curvevela_003929__velocitygan__error__mae_0.0282.png,0.028207939118146896,VelocityGAN,Ground Truth,0.04669640213251114,3929,0.9916510581970215
CurveVelA,750.0,0.0,curvevela_003929__upfwi__error__mae_0.0169.png,0.016942642629146576,UPFWI,Ground Truth,0.03495187684893608,3929,0.9952243566513062
CurveVelA,750.0,0.0,curvevela_003929__auto_linear__error__mae_0.0449.png,0.044863905757665634,Auto-Linear,Ground Truth,0.06454566866159439,3929,0.9835176467895508
CurveVelA,750.0,0.0,curvevela_003929__latent_u_net__large__error__mae_0.0106.png,0.01060977578163147,Latent U-Net (Large),Ground Truth,0.01448760088533163,3929,0.9991322159767151
CurveVelA,750.0,0.0,curvevela_003929__pd_bg_rfm__error__mae_0.0098.png,0.00981877651065588,PD-BG-RFM,Ground Truth,0.01307091023772955,3929,0.9993228912353516
CurveVelB,750.0,0.0,curvevelb_026377__inversionnet__error__mae_0.0345.png,0.034461718052625656,InversionNet,Ground Truth,0.10851390659809113,26377,0.9824850559234619
CurveVelB,750.0,0.0,curvevelb_026377__velocitygan__error__mae_0.0650.png,0.06499547511339188,VelocityGAN,Ground Truth,0.1822318285703659,26377,0.9520283341407776
CurveVelB,750.0,0.0,curvevelb_026377__upfwi__error__mae_0.0443.png,0.04433122277259827,UPFWI,Ground Truth,0.12914633750915527,26377,0.9754490852355957
CurveVelB,750.0,0.0,curvevelb_026377__auto_linear__error__mae_0.1433.png,0.14331433176994324,Auto-Linear,Ground Truth,0.2820325195789337,26377,0.876822829246521
CurveVelB,750.0,0.0,curvevelb_026377__latent_u_net__large__error__mae_0.0167.png,0.016704289242625237,Latent U-Net (Large),Ground Truth,0.027979400008916855,26377,0.9986297488212585
CurveVelB,750.0,0.0,curvevelb_026377__pd_bg_rfm__error__mae_0.0262.png,0.02616390585899353,PD-BG-RFM,Ground Truth,0.03547888249158859,26377,0.9981406331062317
FlatFaultA,750.0,0.0,flatfaulta_010401__inversionnet__error__mae_0.0173.png,0.017291726544499397,InversionNet,Ground Truth,0.04574223980307579,10401,0.998525857925415
FlatFaultA,750.0,0.0,flatfaulta_010401__velocitygan__error__mae_0.1007.png,0.10067494958639145,VelocityGAN,Ground Truth,0.21599991619586945,10401,0.9354024529457092
FlatFaultA,750.0,0.0,flatfaulta_010401__upfwi__error__mae_0.0249.png,0.024936426430940628,UPFWI,Ground Truth,0.12182285636663437,10401,0.9896574020385742
FlatFaultA,750.0,0.0,flatfaulta_010401__auto_linear__error__mae_0.0233.png,0.023262757807970047,Auto-Linear,Ground Truth,0.08871065080165863,10401,0.9943908452987671
FlatFaultA,750.0,0.0,flatfaulta_010401__latent_u_net__large__error__mae_0.0197.png,0.01965024136006832,Latent U-Net (Large),Ground Truth,0.026588747277855873,10401,0.9986817240715027
FlatFaultA,750.0,0.0,flatfaulta_010401__pd_bg_rfm__error__mae_0.0185.png,0.01845029555261135,PD-BG-RFM,Ground Truth,0.023798370733857155,10401,0.9989336729049683
FlatFaultB,750.0,0.0,flatfaultb_021686__inversionnet__error__mae_0.0275.png,0.02753249742090702,InversionNet,Ground Truth,0.07164257764816284,21686,0.9913457036018372
FlatFaultB,750.0,0.0,flatfaultb_021686__velocitygan__error__mae_0.0430.png,0.042986657470464706,VelocityGAN,Ground Truth,0.10136821866035461,21686,0.9824554324150085
FlatFaultB,750.0,0.0,flatfaultb_021686__upfwi__error__mae_0.0319.png,0.031910039484500885,UPFWI,Ground Truth,0.08686881512403488,21686,0.9872503876686096
FlatFaultB,750.0,0.0,flatfaultb_021686__auto_linear__error__mae_0.0863.png,0.08628110587596893,Auto-Linear,Ground Truth,0.14482636749744415,21686,0.9642661809921265
FlatFaultB,750.0,0.0,flatfaultb_021686__latent_u_net__large__error__mae_0.0160.png,0.0159879382699728,Latent U-Net (Large),Ground Truth,0.02964477241039276,21686,0.9983599185943604
FlatFaultB,750.0,0.0,flatfaultb_021686__pd_bg_rfm__error__mae_0.0175.png,0.01748739741742611,PD-BG-RFM,Ground Truth,0.033560916781425476,21686,0.9981251955032349
FlatVelA,750.0,0.0,flatvela_000101__inversionnet__error__mae_0.0146.png,0.014640729874372482,InversionNet,Ground Truth,0.03450950235128403,101,0.8724575638771057
FlatVelA,750.0,0.0,flatvela_000101__velocitygan__error__mae_0.1543.png,0.15431596338748932,VelocityGAN,Ground Truth,0.2886602282524109,101,-0.023057160899043083
FlatVelA,750.0,0.0,flatvela_000101__upfwi__error__mae_0.0170.png,0.016975054517388344,UPFWI,Ground Truth,0.03288384526968002,101,0.8907343149185181
FlatVelA,750.0,0.0,flatvela_000101__auto_linear__error__mae_0.0184.png,0.01842675544321537,Auto-Linear,Ground Truth,0.02892792969942093,101,0.8870392441749573
FlatVelA,750.0,0.0,flatvela_000101__latent_u_net__large__error__mae_0.0165.png,0.016548961400985718,Latent U-Net (Large),Ground Truth,0.04435764625668526,101,0.769079327583313
FlatVelA,750.0,0.0,flatvela_000101__pd_bg_rfm__error__mae_0.0164.png,0.01638839580118656,PD-BG-RFM,Ground Truth,0.021356163546442986,101,0.9635729789733887
FlatVelB,750.0,0.0,flatvelb_029501__inversionnet__error__mae_0.0124.png,0.012393674813210964,InversionNet,Ground Truth,0.015643496066331863,29501,0.9993027448654175
FlatVelB,750.0,0.0,flatvelb_029501__velocitygan__error__mae_0.0422.png,0.04221862182021141,VelocityGAN,Ground Truth,0.06825698167085648,29501,0.9918429255485535
FlatVelB,750.0,0.0,flatvelb_029501__upfwi__error__mae_0.0125.png,0.012528842315077782,UPFWI,Ground Truth,0.019276561215519905,29501,0.9993881583213806
FlatVelB,750.0,0.0,flatvelb_029501__auto_linear__error__mae_0.1030.png,0.1030469462275505,Auto-Linear,Ground Truth,0.2001732885837555,29501,0.9501144886016846
FlatVelB,750.0,0.0,flatvelb_029501__latent_u_net__large__error__mae_0.0150.png,0.014995978213846684,Latent U-Net (Large),Ground Truth,0.02080000750720501,29501,0.999178946018219
FlatVelB,750.0,0.0,flatvelb_029501__pd_bg_rfm__error__mae_0.0304.png,0.030392693355679512,PD-BG-RFM,Ground Truth,0.03653663024306297,29501,0.9982516169548035
