algorithm,view,reducer_seed,label_semantics,n_points,pca_components,pca_explained_variance,trustworthiness,silhouette_original,silhouette_2d,knn_overlap_to_canonical
umap,joint_roles,42,role,8192,50,0.9997566938400269,0.995734302316685,0.4904521703720093,0.3133530228220497,
umap,joint_roles,3407,role,8192,50,0.9997566938400269,0.995983634180094,0.4904521703720093,0.2899278124551928,0.7347493489583333
umap,joint_roles,7777,role,8192,50,0.9997566938400269,0.9955938260704212,0.4904521703720093,0.322639411085757,0.7333740234374999
umap,background,42,modality_with_training_only_anchor,5120,50,0.9998288154602051,0.9951119326728141,0.08903162181377411,0.28184169580406904,
umap,background,3407,modality_with_training_only_anchor,5120,50,0.9998288154602051,0.9950615558171474,0.08903162181377411,0.2960863896217997,0.7877083333333335
umap,background,7777,modality_with_training_only_anchor,5120,50,0.9998288154602051,0.9949228099862665,0.08903162181377411,0.2938668343881454,0.7865494791666666
umap,structural,42,modality_with_training_only_anchor,5120,50,0.9998094439506531,0.9935233118133215,-0.04458492994308472,0.06508935302213044,
umap,structural,3407,modality_with_training_only_anchor,5120,50,0.9998094439506531,0.9932812525546073,-0.04458492994308472,0.0590491583183816,0.7401171875
umap,structural,7777,modality_with_training_only_anchor,5120,50,0.9998094439506531,0.9928779720301157,-0.04458492994308472,0.1307893195049825,0.7479947916666666
tsne,joint_roles,42,role,8192,50,0.9997566938400269,0.9980396295812803,0.4904521703720093,0.40475923043990036,
tsne,joint_roles,3407,role,8192,50,0.9997566938400269,0.9980372586069158,0.4904521703720093,0.4009249019887339,0.9468261718750002
tsne,joint_roles,7777,role,8192,50,0.9997566938400269,0.9980375375450764,0.4904521703720093,0.40332706259702356,0.9616943359375001
tsne,background,42,modality_with_training_only_anchor,5120,50,0.9998288154602051,0.9978134171040154,0.08903162181377411,0.2749280654982941,
tsne,background,3407,modality_with_training_only_anchor,5120,50,0.9998288154602051,0.9977985850541168,0.08903162181377411,0.2730083195263592,0.9313151041666666
tsne,background,7777,modality_with_training_only_anchor,5120,50,0.9998288154602051,0.9977618804566412,0.08903162181377411,0.2745061375802124,0.9457942708333335
tsne,structural,42,modality_with_training_only_anchor,5120,50,0.9998094439506531,0.9965753522292525,-0.04458492994308472,0.09799632776315188,
tsne,structural,3407,modality_with_training_only_anchor,5120,50,0.9998094439506531,0.9964236545394349,-0.04458492994308472,0.0979643583154891,0.9205208333333333
tsne,structural,7777,modality_with_training_only_anchor,5120,50,0.9998094439506531,0.9965109582434112,-0.04458492994308472,0.0980873558673175,0.9105729166666666
