sample_order,cache_row,dataset_id,dataset_name,source_sample_index,complete_modalities,availability,sample_seed
0,181,0,FlatVelA,16181,True,1;1;1;1,42
1,1251,0,FlatVelA,6744,True,1;1;1;1,42
2,1429,0,FlatVelA,21078,True,1;1;1;1,42
3,1960,0,FlatVelA,526,True,1;1;1;1,42
4,2200,0,FlatVelA,21808,True,1;1;1;1,42
5,2483,0,FlatVelA,6014,True,1;1;1;1,42
6,2688,0,FlatVelA,19683,True,1;1;1;1,42
7,2716,0,FlatVelA,8332,True,1;1;1;1,42
8,2860,0,FlatVelA,14687,True,1;1;1;1,42
9,2997,0,FlatVelA,25821,True,1;1;1;1,42
10,3015,0,FlatVelA,16022,True,1;1;1;1,42
11,3227,0,FlatVelA,20235,True,1;1;1;1,42
12,3947,0,FlatVelA,25887,True,1;1;1;1,42
13,4248,0,FlatVelA,1697,True,1;1;1;1,42
14,4424,0,FlatVelA,10234,True,1;1;1;1,42
15,4714,0,FlatVelA,22751,True,1;1;1;1,42
16,4791,0,FlatVelA,27633,True,1;1;1;1,42
17,5128,0,FlatVelA,5202,True,1;1;1;1,42
18,5407,0,FlatVelA,22114,True,1;1;1;1,42
19,5448,0,FlatVelA,5692,True,1;1;1;1,42
20,5942,0,FlatVelA,5482,True,1;1;1;1,42
21,6322,0,FlatVelA,20176,True,1;1;1;1,42
22,6474,0,FlatVelA,23211,True,1;1;1;1,42
23,6593,0,FlatVelA,24126,True,1;1;1;1,42
24,6818,0,FlatVelA,20727,True,1;1;1;1,42
25,7566,0,FlatVelA,2707,True,1;1;1;1,42
26,7724,0,FlatVelA,28057,True,1;1;1;1,42
27,8149,0,FlatVelA,28332,True,1;1;1;1,42
28,8333,0,FlatVelA,5174,True,1;1;1;1,42
29,9005,0,FlatVelA,11307,True,1;1;1;1,42
30,9192,0,FlatVelA,4527,True,1;1;1;1,42
31,9586,0,FlatVelA,11091,True,1;1;1;1,42
32,10338,0,FlatVelA,26988,True,1;1;1;1,42
33,10718,0,FlatVelA,2109,True,1;1;1;1,42
34,10902,0,FlatVelA,3299,True,1;1;1;1,42
35,11429,0,FlatVelA,8326,True,1;1;1;1,42
36,11754,0,FlatVelA,13818,True,1;1;1;1,42
37,11857,0,FlatVelA,27424,True,1;1;1;1,42
38,11951,0,FlatVelA,29494,True,1;1;1;1,42
39,12165,0,FlatVelA,5447,True,1;1;1;1,42
40,12870,0,FlatVelA,7081,True,1;1;1;1,42
41,12949,0,FlatVelA,26076,True,1;1;1;1,42
42,13372,0,FlatVelA,23506,True,1;1;1;1,42
43,13673,0,FlatVelA,8500,True,1;1;1;1,42
44,13832,0,FlatVelA,10935,True,1;1;1;1,42
45,14145,0,FlatVelA,27187,True,1;1;1;1,42
46,14243,0,FlatVelA,2600,True,1;1;1;1,42
47,14265,0,FlatVelA,14932,True,1;1;1;1,42
48,14279,0,FlatVelA,9359,True,1;1;1;1,42
49,14317,0,FlatVelA,9901,True,1;1;1;1,42
50,14336,0,FlatVelA,25083,True,1;1;1;1,42
51,14547,0,FlatVelA,743,True,1;1;1;1,42
52,15010,0,FlatVelA,1320,True,1;1;1;1,42
53,15155,0,FlatVelA,8642,True,1;1;1;1,42
54,15226,0,FlatVelA,27466,True,1;1;1;1,42
55,15487,0,FlatVelA,8608,True,1;1;1;1,42
56,15574,0,FlatVelA,29931,True,1;1;1;1,42
57,15669,0,FlatVelA,21838,True,1;1;1;1,42
58,15867,0,FlatVelA,20516,True,1;1;1;1,42
59,16143,0,FlatVelA,13552,True,1;1;1;1,42
60,16289,0,FlatVelA,20029,True,1;1;1;1,42
61,16641,0,FlatVelA,16960,True,1;1;1;1,42
62,16701,0,FlatVelA,7831,True,1;1;1;1,42
63,17188,0,FlatVelA,26438,True,1;1;1;1,42
64,17543,0,FlatVelA,2548,True,1;1;1;1,42
65,17636,0,FlatVelA,16386,True,1;1;1;1,42
66,18344,0,FlatVelA,9830,True,1;1;1;1,42
67,18809,0,FlatVelA,23427,True,1;1;1;1,42
68,18843,0,FlatVelA,2258,True,1;1;1;1,42
69,20028,0,FlatVelA,20773,True,1;1;1;1,42
70,20133,0,FlatVelA,9680,True,1;1;1;1,42
71,20212,0,FlatVelA,1656,True,1;1;1;1,42
72,20216,0,FlatVelA,25603,True,1;1;1;1,42
73,20580,0,FlatVelA,23945,True,1;1;1;1,42
74,21485,0,FlatVelA,6261,True,1;1;1;1,42
75,21539,0,FlatVelA,3979,True,1;1;1;1,42
76,21605,0,FlatVelA,10834,True,1;1;1;1,42
77,21714,0,FlatVelA,28422,True,1;1;1;1,42
78,21739,0,FlatVelA,2628,True,1;1;1;1,42
79,21824,0,FlatVelA,16570,True,1;1;1;1,42
80,21920,0,FlatVelA,26648,True,1;1;1;1,42
81,22026,0,FlatVelA,22943,True,1;1;1;1,42
82,22142,0,FlatVelA,4728,True,1;1;1;1,42
83,22183,0,FlatVelA,2719,True,1;1;1;1,42
84,22371,0,FlatVelA,22806,True,1;1;1;1,42
85,22678,0,FlatVelA,29882,True,1;1;1;1,42
86,23099,0,FlatVelA,22663,True,1;1;1;1,42
87,23149,0,FlatVelA,14507,True,1;1;1;1,42
88,23781,0,FlatVelA,23986,True,1;1;1;1,42
89,23815,0,FlatVelA,21422,True,1;1;1;1,42
90,23816,0,FlatVelA,10476,True,1;1;1;1,42
91,24062,0,FlatVelA,23561,True,1;1;1;1,42
92,24145,0,FlatVelA,24857,True,1;1;1;1,42
93,24235,0,FlatVelA,14651,True,1;1;1;1,42
94,24590,0,FlatVelA,11800,True,1;1;1;1,42
95,24617,0,FlatVelA,11533,True,1;1;1;1,42
96,24730,0,FlatVelA,26573,True,1;1;1;1,42
97,24907,0,FlatVelA,3719,True,1;1;1;1,42
98,25596,0,FlatVelA,15109,True,1;1;1;1,42
99,25976,0,FlatVelA,10540,True,1;1;1;1,42
100,26071,0,FlatVelA,15244,True,1;1;1;1,42
101,26198,0,FlatVelA,11002,True,1;1;1;1,42
102,26492,0,FlatVelA,806,True,1;1;1;1,42
103,26554,0,FlatVelA,17470,True,1;1;1;1,42
104,26662,0,FlatVelA,7914,True,1;1;1;1,42
105,26753,0,FlatVelA,14117,True,1;1;1;1,42
106,26780,0,FlatVelA,16643,True,1;1;1;1,42
107,26914,0,FlatVelA,25924,True,1;1;1;1,42
108,27173,0,FlatVelA,28658,True,1;1;1;1,42
109,27335,0,FlatVelA,4902,True,1;1;1;1,42
110,27368,0,FlatVelA,23100,True,1;1;1;1,42
111,27520,0,FlatVelA,10107,True,1;1;1;1,42
112,27527,0,FlatVelA,26631,True,1;1;1;1,42
113,27743,0,FlatVelA,29296,True,1;1;1;1,42
114,28372,0,FlatVelA,10889,True,1;1;1;1,42
115,28421,0,FlatVelA,18337,True,1;1;1;1,42
116,28665,0,FlatVelA,26476,True,1;1;1;1,42
117,29363,0,FlatVelA,20270,True,1;1;1;1,42
118,29420,0,FlatVelA,22481,True,1;1;1;1,42
119,29456,0,FlatVelA,13196,True,1;1;1;1,42
120,29827,0,FlatVelA,18538,True,1;1;1;1,42
121,30736,0,FlatVelA,12419,True,1;1;1;1,42
122,30947,0,FlatVelA,814,True,1;1;1;1,42
123,31256,0,FlatVelA,28101,True,1;1;1;1,42
124,31390,0,FlatVelA,12736,True,1;1;1;1,42
125,32681,0,FlatVelA,2202,True,1;1;1;1,42
126,33316,0,FlatVelA,17041,True,1;1;1;1,42
127,33349,0,FlatVelA,29647,True,1;1;1;1,42
128,96,1,FlatVelB,22149,True,1;1;1;1,42
129,206,1,FlatVelB,2200,True,1;1;1;1,42
130,683,1,FlatVelB,13890,True,1;1;1;1,42
131,698,1,FlatVelB,28939,True,1;1;1;1,42
132,707,1,FlatVelB,8396,True,1;1;1;1,42
133,1161,1,FlatVelB,22002,True,1;1;1;1,42
134,1497,1,FlatVelB,16016,True,1;1;1;1,42
135,2099,1,FlatVelB,19646,True,1;1;1;1,42
136,2664,1,FlatVelB,6518,True,1;1;1;1,42
137,3085,1,FlatVelB,6166,True,1;1;1;1,42
138,3183,1,FlatVelB,6881,True,1;1;1;1,42
139,3267,1,FlatVelB,20743,True,1;1;1;1,42
140,3557,1,FlatVelB,23408,True,1;1;1;1,42
141,3576,1,FlatVelB,11689,True,1;1;1;1,42
142,3843,1,FlatVelB,20057,True,1;1;1;1,42
143,4394,1,FlatVelB,25178,True,1;1;1;1,42
144,4416,1,FlatVelB,19391,True,1;1;1;1,42
145,4478,1,FlatVelB,25363,True,1;1;1;1,42
146,4654,1,FlatVelB,22811,True,1;1;1;1,42
147,4962,1,FlatVelB,29783,True,1;1;1;1,42
148,5064,1,FlatVelB,26008,True,1;1;1;1,42
149,5356,1,FlatVelB,26653,True,1;1;1;1,42
150,5379,1,FlatVelB,10923,True,1;1;1;1,42
151,5470,1,FlatVelB,18658,True,1;1;1;1,42
152,5827,1,FlatVelB,7781,True,1;1;1;1,42
153,6459,1,FlatVelB,880,True,1;1;1;1,42
154,6998,1,FlatVelB,13601,True,1;1;1;1,42
155,7070,1,FlatVelB,17590,True,1;1;1;1,42
156,7356,1,FlatVelB,8661,True,1;1;1;1,42
157,7656,1,FlatVelB,29545,True,1;1;1;1,42
158,8203,1,FlatVelB,1745,True,1;1;1;1,42
159,8302,1,FlatVelB,3272,True,1;1;1;1,42
160,8561,1,FlatVelB,6638,True,1;1;1;1,42
161,8622,1,FlatVelB,10800,True,1;1;1;1,42
162,8941,1,FlatVelB,20861,True,1;1;1;1,42
163,9129,1,FlatVelB,4472,True,1;1;1;1,42
164,9347,1,FlatVelB,2510,True,1;1;1;1,42
165,9442,1,FlatVelB,29782,True,1;1;1;1,42
166,9474,1,FlatVelB,27269,True,1;1;1;1,42
167,9773,1,FlatVelB,15223,True,1;1;1;1,42
168,9857,1,FlatVelB,29251,True,1;1;1;1,42
169,10129,1,FlatVelB,9641,True,1;1;1;1,42
170,10166,1,FlatVelB,13186,True,1;1;1;1,42
171,10357,1,FlatVelB,15336,True,1;1;1;1,42
172,10364,1,FlatVelB,6716,True,1;1;1;1,42
173,10433,1,FlatVelB,13209,True,1;1;1;1,42
174,10553,1,FlatVelB,7775,True,1;1;1;1,42
175,10984,1,FlatVelB,2458,True,1;1;1;1,42
176,11235,1,FlatVelB,4066,True,1;1;1;1,42
177,11831,1,FlatVelB,1066,True,1;1;1;1,42
178,12176,1,FlatVelB,19774,True,1;1;1;1,42
179,12451,1,FlatVelB,23857,True,1;1;1;1,42
180,12721,1,FlatVelB,16380,True,1;1;1;1,42
181,13279,1,FlatVelB,17270,True,1;1;1;1,42
182,13588,1,FlatVelB,15683,True,1;1;1;1,42
183,14052,1,FlatVelB,6407,True,1;1;1;1,42
184,14127,1,FlatVelB,3689,True,1;1;1;1,42
185,14363,1,FlatVelB,9179,True,1;1;1;1,42
186,14768,1,FlatVelB,5295,True,1;1;1;1,42
187,14960,1,FlatVelB,21756,True,1;1;1;1,42
188,15059,1,FlatVelB,1919,True,1;1;1;1,42
189,15228,1,FlatVelB,23243,True,1;1;1;1,42
190,15413,1,FlatVelB,22249,True,1;1;1;1,42
191,15461,1,FlatVelB,19729,True,1;1;1;1,42
192,15667,1,FlatVelB,21173,True,1;1;1;1,42
193,16718,1,FlatVelB,20180,True,1;1;1;1,42
194,16869,1,FlatVelB,9672,True,1;1;1;1,42
195,17085,1,FlatVelB,25791,True,1;1;1;1,42
196,17198,1,FlatVelB,15571,True,1;1;1;1,42
197,17308,1,FlatVelB,20100,True,1;1;1;1,42
198,17333,1,FlatVelB,26768,True,1;1;1;1,42
199,17383,1,FlatVelB,20622,True,1;1;1;1,42
200,17612,1,FlatVelB,25312,True,1;1;1;1,42
201,17677,1,FlatVelB,26746,True,1;1;1;1,42
202,17920,1,FlatVelB,21299,True,1;1;1;1,42
203,18062,1,FlatVelB,23879,True,1;1;1;1,42
204,18169,1,FlatVelB,7276,True,1;1;1;1,42
205,18349,1,FlatVelB,5283,True,1;1;1;1,42
206,18618,1,FlatVelB,8185,True,1;1;1;1,42
207,19288,1,FlatVelB,25054,True,1;1;1;1,42
208,19771,1,FlatVelB,7467,True,1;1;1;1,42
209,20117,1,FlatVelB,17080,True,1;1;1;1,42
210,20537,1,FlatVelB,2724,True,1;1;1;1,42
211,21159,1,FlatVelB,26418,True,1;1;1;1,42
212,21218,1,FlatVelB,16124,True,1;1;1;1,42
213,21308,1,FlatVelB,19097,True,1;1;1;1,42
214,21517,1,FlatVelB,6106,True,1;1;1;1,42
215,21755,1,FlatVelB,10827,True,1;1;1;1,42
216,23454,1,FlatVelB,4319,True,1;1;1;1,42
217,23643,1,FlatVelB,15132,True,1;1;1;1,42
218,24613,1,FlatVelB,8290,True,1;1;1;1,42
219,24764,1,FlatVelB,24561,True,1;1;1;1,42
220,24864,1,FlatVelB,24473,True,1;1;1;1,42
221,24877,1,FlatVelB,29741,True,1;1;1;1,42
222,24908,1,FlatVelB,26396,True,1;1;1;1,42
223,25114,1,FlatVelB,26443,True,1;1;1;1,42
224,25701,1,FlatVelB,1437,True,1;1;1;1,42
225,25984,1,FlatVelB,18514,True,1;1;1;1,42
226,26712,1,FlatVelB,2731,True,1;1;1;1,42
227,26880,1,FlatVelB,29841,True,1;1;1;1,42
228,27421,1,FlatVelB,6782,True,1;1;1;1,42
229,27570,1,FlatVelB,23872,True,1;1;1;1,42
230,28102,1,FlatVelB,25708,True,1;1;1;1,42
231,29113,1,FlatVelB,10649,True,1;1;1;1,42
232,29385,1,FlatVelB,799,True,1;1;1;1,42
233,29632,1,FlatVelB,12308,True,1;1;1;1,42
234,29653,1,FlatVelB,22205,True,1;1;1;1,42
235,29663,1,FlatVelB,9596,True,1;1;1;1,42
236,29776,1,FlatVelB,10685,True,1;1;1;1,42
237,29889,1,FlatVelB,20839,True,1;1;1;1,42
238,29987,1,FlatVelB,1132,True,1;1;1;1,42
239,30214,1,FlatVelB,7878,True,1;1;1;1,42
240,30826,1,FlatVelB,12593,True,1;1;1;1,42
241,30911,1,FlatVelB,8873,True,1;1;1;1,42
242,31051,1,FlatVelB,27196,True,1;1;1;1,42
243,31477,1,FlatVelB,12673,True,1;1;1;1,42
244,31536,1,FlatVelB,10500,True,1;1;1;1,42
245,31566,1,FlatVelB,14432,True,1;1;1;1,42
246,31678,1,FlatVelB,28805,True,1;1;1;1,42
247,31828,1,FlatVelB,21902,True,1;1;1;1,42
248,31906,1,FlatVelB,11197,True,1;1;1;1,42
249,32112,1,FlatVelB,18019,True,1;1;1;1,42
250,32237,1,FlatVelB,24161,True,1;1;1;1,42
251,32483,1,FlatVelB,19357,True,1;1;1;1,42
252,32550,1,FlatVelB,4400,True,1;1;1;1,42
253,32699,1,FlatVelB,11222,True,1;1;1;1,42
254,32822,1,FlatVelB,11737,True,1;1;1;1,42
255,33184,1,FlatVelB,10471,True,1;1;1;1,42
256,183,2,CurveVelA,26285,True,1;1;1;1,42
257,639,2,CurveVelA,9353,True,1;1;1;1,42
258,1283,2,CurveVelA,26303,True,1;1;1;1,42
259,1510,2,CurveVelA,10148,True,1;1;1;1,42
260,1581,2,CurveVelA,25187,True,1;1;1;1,42
261,1584,2,CurveVelA,19636,True,1;1;1;1,42
262,1611,2,CurveVelA,15636,True,1;1;1;1,42
263,1797,2,CurveVelA,18664,True,1;1;1;1,42
264,1917,2,CurveVelA,2723,True,1;1;1;1,42
265,2671,2,CurveVelA,3066,True,1;1;1;1,42
266,2802,2,CurveVelA,15714,True,1;1;1;1,42
267,2909,2,CurveVelA,4971,True,1;1;1;1,42
268,2912,2,CurveVelA,15861,True,1;1;1;1,42
269,3069,2,CurveVelA,28011,True,1;1;1;1,42
270,3329,2,CurveVelA,28610,True,1;1;1;1,42
271,4160,2,CurveVelA,24957,True,1;1;1;1,42
272,4386,2,CurveVelA,16656,True,1;1;1;1,42
273,4483,2,CurveVelA,15194,True,1;1;1;1,42
274,4502,2,CurveVelA,20111,True,1;1;1;1,42
275,4717,2,CurveVelA,19116,True,1;1;1;1,42
276,4777,2,CurveVelA,29050,True,1;1;1;1,42
277,5033,2,CurveVelA,17971,True,1;1;1;1,42
278,5229,2,CurveVelA,1241,True,1;1;1;1,42
279,5324,2,CurveVelA,5673,True,1;1;1;1,42
280,5546,2,CurveVelA,26991,True,1;1;1;1,42
281,5800,2,CurveVelA,24595,True,1;1;1;1,42
282,5801,2,CurveVelA,4018,True,1;1;1;1,42
283,5860,2,CurveVelA,18674,True,1;1;1;1,42
284,7370,2,CurveVelA,5301,True,1;1;1;1,42
285,7567,2,CurveVelA,29970,True,1;1;1;1,42
286,7603,2,CurveVelA,363,True,1;1;1;1,42
287,7691,2,CurveVelA,816,True,1;1;1;1,42
288,7702,2,CurveVelA,16321,True,1;1;1;1,42
289,7920,2,CurveVelA,16805,True,1;1;1;1,42
290,8091,2,CurveVelA,3730,True,1;1;1;1,42
291,8681,2,CurveVelA,1770,True,1;1;1;1,42
292,8934,2,CurveVelA,12917,True,1;1;1;1,42
293,9015,2,CurveVelA,10051,True,1;1;1;1,42
294,9741,2,CurveVelA,27699,True,1;1;1;1,42
295,9824,2,CurveVelA,35,True,1;1;1;1,42
296,10078,2,CurveVelA,16192,True,1;1;1;1,42
297,10180,2,CurveVelA,22132,True,1;1;1;1,42
298,10466,2,CurveVelA,6888,True,1;1;1;1,42
299,10645,2,CurveVelA,10841,True,1;1;1;1,42
300,10985,2,CurveVelA,5082,True,1;1;1;1,42
301,11329,2,CurveVelA,9732,True,1;1;1;1,42
302,11446,2,CurveVelA,24913,True,1;1;1;1,42
303,12264,2,CurveVelA,17956,True,1;1;1;1,42
304,12328,2,CurveVelA,19716,True,1;1;1;1,42
305,12346,2,CurveVelA,762,True,1;1;1;1,42
306,12662,2,CurveVelA,22810,True,1;1;1;1,42
307,12673,2,CurveVelA,24641,True,1;1;1;1,42
308,12746,2,CurveVelA,1062,True,1;1;1;1,42
309,13062,2,CurveVelA,25526,True,1;1;1;1,42
310,13470,2,CurveVelA,22562,True,1;1;1;1,42
311,13780,2,CurveVelA,19971,True,1;1;1;1,42
312,13830,2,CurveVelA,7271,True,1;1;1;1,42
313,14370,2,CurveVelA,17505,True,1;1;1;1,42
314,14441,2,CurveVelA,8966,True,1;1;1;1,42
315,14460,2,CurveVelA,23980,True,1;1;1;1,42
316,14951,2,CurveVelA,29273,True,1;1;1;1,42
317,15117,2,CurveVelA,5075,True,1;1;1;1,42
318,15697,2,CurveVelA,1786,True,1;1;1;1,42
319,15713,2,CurveVelA,16548,True,1;1;1;1,42
320,16086,2,CurveVelA,22552,True,1;1;1;1,42
321,16388,2,CurveVelA,9064,True,1;1;1;1,42
322,16739,2,CurveVelA,3998,True,1;1;1;1,42
323,16911,2,CurveVelA,10548,True,1;1;1;1,42
324,17049,2,CurveVelA,29449,True,1;1;1;1,42
325,17216,2,CurveVelA,28348,True,1;1;1;1,42
326,17271,2,CurveVelA,9634,True,1;1;1;1,42
327,17603,2,CurveVelA,4263,True,1;1;1;1,42
328,18309,2,CurveVelA,5419,True,1;1;1;1,42
329,18427,2,CurveVelA,23406,True,1;1;1;1,42
330,18749,2,CurveVelA,10918,True,1;1;1;1,42
331,18885,2,CurveVelA,18965,True,1;1;1;1,42
332,18924,2,CurveVelA,24303,True,1;1;1;1,42
333,18952,2,CurveVelA,16875,True,1;1;1;1,42
334,19983,2,CurveVelA,28251,True,1;1;1;1,42
335,20229,2,CurveVelA,19652,True,1;1;1;1,42
336,20619,2,CurveVelA,8960,True,1;1;1;1,42
337,20754,2,CurveVelA,28132,True,1;1;1;1,42
338,21082,2,CurveVelA,15828,True,1;1;1;1,42
339,21120,2,CurveVelA,21789,True,1;1;1;1,42
340,21845,2,CurveVelA,23056,True,1;1;1;1,42
341,22695,2,CurveVelA,15860,True,1;1;1;1,42
342,22853,2,CurveVelA,16492,True,1;1;1;1,42
343,22872,2,CurveVelA,13585,True,1;1;1;1,42
344,22991,2,CurveVelA,17453,True,1;1;1;1,42
345,23681,2,CurveVelA,28649,True,1;1;1;1,42
346,23771,2,CurveVelA,19509,True,1;1;1;1,42
347,24375,2,CurveVelA,133,True,1;1;1;1,42
348,24620,2,CurveVelA,5040,True,1;1;1;1,42
349,25617,2,CurveVelA,24083,True,1;1;1;1,42
350,25631,2,CurveVelA,26448,True,1;1;1;1,42
351,25636,2,CurveVelA,13043,True,1;1;1;1,42
352,25756,2,CurveVelA,10271,True,1;1;1;1,42
353,25774,2,CurveVelA,29545,True,1;1;1;1,42
354,25884,2,CurveVelA,3991,True,1;1;1;1,42
355,26052,2,CurveVelA,23669,True,1;1;1;1,42
356,26105,2,CurveVelA,24764,True,1;1;1;1,42
357,26206,2,CurveVelA,21230,True,1;1;1;1,42
358,26446,2,CurveVelA,9281,True,1;1;1;1,42
359,26601,2,CurveVelA,24157,True,1;1;1;1,42
360,26614,2,CurveVelA,1977,True,1;1;1;1,42
361,27185,2,CurveVelA,11116,True,1;1;1;1,42
362,27200,2,CurveVelA,14938,True,1;1;1;1,42
363,27434,2,CurveVelA,27570,True,1;1;1;1,42
364,27498,2,CurveVelA,4294,True,1;1;1;1,42
365,27550,2,CurveVelA,27257,True,1;1;1;1,42
366,27603,2,CurveVelA,9331,True,1;1;1;1,42
367,27848,2,CurveVelA,1013,True,1;1;1;1,42
368,28266,2,CurveVelA,7845,True,1;1;1;1,42
369,28406,2,CurveVelA,1916,True,1;1;1;1,42
370,28707,2,CurveVelA,23295,True,1;1;1;1,42
371,29114,2,CurveVelA,2769,True,1;1;1;1,42
372,29149,2,CurveVelA,21057,True,1;1;1;1,42
373,29444,2,CurveVelA,20511,True,1;1;1;1,42
374,29492,2,CurveVelA,11391,True,1;1;1;1,42
375,29729,2,CurveVelA,19314,True,1;1;1;1,42
376,30270,2,CurveVelA,2471,True,1;1;1;1,42
377,30354,2,CurveVelA,1772,True,1;1;1;1,42
378,30431,2,CurveVelA,5149,True,1;1;1;1,42
379,31115,2,CurveVelA,1968,True,1;1;1;1,42
380,31675,2,CurveVelA,4091,True,1;1;1;1,42
381,32000,2,CurveVelA,6438,True,1;1;1;1,42
382,32214,2,CurveVelA,26187,True,1;1;1;1,42
383,32406,2,CurveVelA,20626,True,1;1;1;1,42
384,246,3,CurveVelB,10684,True,1;1;1;1,42
385,308,3,CurveVelB,7489,True,1;1;1;1,42
386,447,3,CurveVelB,19106,True,1;1;1;1,42
387,468,3,CurveVelB,70,True,1;1;1;1,42
388,542,3,CurveVelB,26204,True,1;1;1;1,42
389,574,3,CurveVelB,21319,True,1;1;1;1,42
390,735,3,CurveVelB,26059,True,1;1;1;1,42
391,859,3,CurveVelB,23902,True,1;1;1;1,42
392,914,3,CurveVelB,15296,True,1;1;1;1,42
393,1069,3,CurveVelB,23159,True,1;1;1;1,42
394,1218,3,CurveVelB,17707,True,1;1;1;1,42
395,1265,3,CurveVelB,8478,True,1;1;1;1,42
396,1279,3,CurveVelB,8267,True,1;1;1;1,42
397,1488,3,CurveVelB,10667,True,1;1;1;1,42
398,1547,3,CurveVelB,28090,True,1;1;1;1,42
399,1700,3,CurveVelB,1176,True,1;1;1;1,42
400,2706,3,CurveVelB,6650,True,1;1;1;1,42
401,2796,3,CurveVelB,11102,True,1;1;1;1,42
402,2871,3,CurveVelB,29776,True,1;1;1;1,42
403,3221,3,CurveVelB,16073,True,1;1;1;1,42
404,3345,3,CurveVelB,4708,True,1;1;1;1,42
405,3449,3,CurveVelB,26642,True,1;1;1;1,42
406,3614,3,CurveVelB,999,True,1;1;1;1,42
407,3847,3,CurveVelB,28677,True,1;1;1;1,42
408,3921,3,CurveVelB,17011,True,1;1;1;1,42
409,3957,3,CurveVelB,28934,True,1;1;1;1,42
410,4044,3,CurveVelB,3276,True,1;1;1;1,42
411,4392,3,CurveVelB,25590,True,1;1;1;1,42
412,4573,3,CurveVelB,21024,True,1;1;1;1,42
413,4967,3,CurveVelB,6740,True,1;1;1;1,42
414,5012,3,CurveVelB,4305,True,1;1;1;1,42
415,6167,3,CurveVelB,29679,True,1;1;1;1,42
416,6195,3,CurveVelB,12810,True,1;1;1;1,42
417,6364,3,CurveVelB,29924,True,1;1;1;1,42
418,7307,3,CurveVelB,13885,True,1;1;1;1,42
419,7515,3,CurveVelB,22565,True,1;1;1;1,42
420,7544,3,CurveVelB,9892,True,1;1;1;1,42
421,8246,3,CurveVelB,12237,True,1;1;1;1,42
422,8604,3,CurveVelB,11588,True,1;1;1;1,42
423,8788,3,CurveVelB,6613,True,1;1;1;1,42
424,9052,3,CurveVelB,16833,True,1;1;1;1,42
425,9083,3,CurveVelB,20954,True,1;1;1;1,42
426,9392,3,CurveVelB,27029,True,1;1;1;1,42
427,9884,3,CurveVelB,19591,True,1;1;1;1,42
428,11638,3,CurveVelB,17205,True,1;1;1;1,42
429,12254,3,CurveVelB,17110,True,1;1;1;1,42
430,13182,3,CurveVelB,28377,True,1;1;1;1,42
431,13445,3,CurveVelB,20766,True,1;1;1;1,42
432,13793,3,CurveVelB,19582,True,1;1;1;1,42
433,14112,3,CurveVelB,12506,True,1;1;1;1,42
434,14405,3,CurveVelB,7412,True,1;1;1;1,42
435,14468,3,CurveVelB,24626,True,1;1;1;1,42
436,14484,3,CurveVelB,24046,True,1;1;1;1,42
437,14639,3,CurveVelB,9386,True,1;1;1;1,42
438,14825,3,CurveVelB,21782,True,1;1;1;1,42
439,14903,3,CurveVelB,27196,True,1;1;1;1,42
440,15028,3,CurveVelB,9424,True,1;1;1;1,42
441,16495,3,CurveVelB,23570,True,1;1;1;1,42
442,16647,3,CurveVelB,13673,True,1;1;1;1,42
443,17195,3,CurveVelB,18910,True,1;1;1;1,42
444,17274,3,CurveVelB,21346,True,1;1;1;1,42
445,17288,3,CurveVelB,23307,True,1;1;1;1,42
446,17753,3,CurveVelB,12108,True,1;1;1;1,42
447,17924,3,CurveVelB,27386,True,1;1;1;1,42
448,18496,3,CurveVelB,18336,True,1;1;1;1,42
449,18933,3,CurveVelB,14489,True,1;1;1;1,42
450,19367,3,CurveVelB,29156,True,1;1;1;1,42
451,19717,3,CurveVelB,13027,True,1;1;1;1,42
452,19735,3,CurveVelB,27744,True,1;1;1;1,42
453,20243,3,CurveVelB,14908,True,1;1;1;1,42
454,20641,3,CurveVelB,25442,True,1;1;1;1,42
455,20786,3,CurveVelB,21305,True,1;1;1;1,42
456,21053,3,CurveVelB,11607,True,1;1;1;1,42
457,21193,3,CurveVelB,8877,True,1;1;1;1,42
458,21219,3,CurveVelB,2815,True,1;1;1;1,42
459,21617,3,CurveVelB,4315,True,1;1;1;1,42
460,21776,3,CurveVelB,12333,True,1;1;1;1,42
461,21850,3,CurveVelB,10999,True,1;1;1;1,42
462,21855,3,CurveVelB,2465,True,1;1;1;1,42
463,22514,3,CurveVelB,9969,True,1;1;1;1,42
464,22950,3,CurveVelB,10162,True,1;1;1;1,42
465,22967,3,CurveVelB,26380,True,1;1;1;1,42
466,22988,3,CurveVelB,26207,True,1;1;1;1,42
467,23721,3,CurveVelB,8958,True,1;1;1;1,42
468,23735,3,CurveVelB,22403,True,1;1;1;1,42
469,24376,3,CurveVelB,27649,True,1;1;1;1,42
470,24517,3,CurveVelB,16007,True,1;1;1;1,42
471,24610,3,CurveVelB,11157,True,1;1;1;1,42
472,25100,3,CurveVelB,17755,True,1;1;1;1,42
473,25359,3,CurveVelB,27896,True,1;1;1;1,42
474,25538,3,CurveVelB,3470,True,1;1;1;1,42
475,26384,3,CurveVelB,13288,True,1;1;1;1,42
476,26436,3,CurveVelB,15396,True,1;1;1;1,42
477,26472,3,CurveVelB,14688,True,1;1;1;1,42
478,26473,3,CurveVelB,8229,True,1;1;1;1,42
479,27071,3,CurveVelB,1589,True,1;1;1;1,42
480,27090,3,CurveVelB,5362,True,1;1;1;1,42
481,27244,3,CurveVelB,26678,True,1;1;1;1,42
482,27307,3,CurveVelB,13485,True,1;1;1;1,42
483,27850,3,CurveVelB,13579,True,1;1;1;1,42
484,27909,3,CurveVelB,13858,True,1;1;1;1,42
485,28070,3,CurveVelB,4591,True,1;1;1;1,42
486,28074,3,CurveVelB,21377,True,1;1;1;1,42
487,28150,3,CurveVelB,23692,True,1;1;1;1,42
488,28366,3,CurveVelB,28745,True,1;1;1;1,42
489,28429,3,CurveVelB,16562,True,1;1;1;1,42
490,29362,3,CurveVelB,10191,True,1;1;1;1,42
491,29817,3,CurveVelB,541,True,1;1;1;1,42
492,29998,3,CurveVelB,14888,True,1;1;1;1,42
493,30396,3,CurveVelB,17554,True,1;1;1;1,42
494,30821,3,CurveVelB,14363,True,1;1;1;1,42
495,31254,3,CurveVelB,20078,True,1;1;1;1,42
496,31457,3,CurveVelB,10324,True,1;1;1;1,42
497,31834,3,CurveVelB,26919,True,1;1;1;1,42
498,32163,3,CurveVelB,17386,True,1;1;1;1,42
499,32330,3,CurveVelB,18444,True,1;1;1;1,42
500,32354,3,CurveVelB,28473,True,1;1;1;1,42
501,32433,3,CurveVelB,28835,True,1;1;1;1,42
502,32439,3,CurveVelB,25603,True,1;1;1;1,42
503,32514,3,CurveVelB,11467,True,1;1;1;1,42
504,32594,3,CurveVelB,22266,True,1;1;1;1,42
505,32812,3,CurveVelB,19729,True,1;1;1;1,42
506,32859,3,CurveVelB,13496,True,1;1;1;1,42
507,33040,3,CurveVelB,11624,True,1;1;1;1,42
508,33054,3,CurveVelB,15437,True,1;1;1;1,42
509,33258,3,CurveVelB,6303,True,1;1;1;1,42
510,33402,3,CurveVelB,29067,True,1;1;1;1,42
511,33511,3,CurveVelB,18325,True,1;1;1;1,42
512,324,4,FlatFaultA,19886,True,1;1;1;1,42
513,456,4,FlatFaultA,6430,True,1;1;1;1,42
514,464,4,FlatFaultA,48647,True,1;1;1;1,42
515,1350,4,FlatFaultA,25117,True,1;1;1;1,42
516,1481,4,FlatFaultA,53724,True,1;1;1;1,42
517,1755,4,FlatFaultA,28298,True,1;1;1;1,42
518,1760,4,FlatFaultA,44594,True,1;1;1;1,42
519,1881,4,FlatFaultA,46032,True,1;1;1;1,42
520,2052,4,FlatFaultA,43658,True,1;1;1;1,42
521,2311,4,FlatFaultA,22666,True,1;1;1;1,42
522,2471,4,FlatFaultA,34300,True,1;1;1;1,42
523,2475,4,FlatFaultA,20538,True,1;1;1;1,42
524,2578,4,FlatFaultA,18242,True,1;1;1;1,42
525,2676,4,FlatFaultA,31467,True,1;1;1;1,42
526,3787,4,FlatFaultA,20062,True,1;1;1;1,42
527,4481,4,FlatFaultA,49061,True,1;1;1;1,42
528,4527,4,FlatFaultA,49950,True,1;1;1;1,42
529,4893,4,FlatFaultA,41759,True,1;1;1;1,42
530,4903,4,FlatFaultA,47833,True,1;1;1;1,42
531,5358,4,FlatFaultA,28370,True,1;1;1;1,42
532,5473,4,FlatFaultA,11040,True,1;1;1;1,42
533,5658,4,FlatFaultA,18037,True,1;1;1;1,42
534,6001,4,FlatFaultA,3679,True,1;1;1;1,42
535,6413,4,FlatFaultA,26801,True,1;1;1;1,42
536,6503,4,FlatFaultA,15421,True,1;1;1;1,42
537,6662,4,FlatFaultA,48188,True,1;1;1;1,42
538,7025,4,FlatFaultA,44689,True,1;1;1;1,42
539,7907,4,FlatFaultA,16219,True,1;1;1;1,42
540,7981,4,FlatFaultA,4574,True,1;1;1;1,42
541,8197,4,FlatFaultA,32476,True,1;1;1;1,42
542,8200,4,FlatFaultA,41305,True,1;1;1;1,42
543,9018,4,FlatFaultA,2703,True,1;1;1;1,42
544,9163,4,FlatFaultA,16283,True,1;1;1;1,42
545,9678,4,FlatFaultA,10067,True,1;1;1;1,42
546,10046,4,FlatFaultA,40892,True,1;1;1;1,42
547,10102,4,FlatFaultA,53097,True,1;1;1;1,42
548,10154,4,FlatFaultA,48850,True,1;1;1;1,42
549,10792,4,FlatFaultA,17964,True,1;1;1;1,42
550,10802,4,FlatFaultA,43882,True,1;1;1;1,42
551,10888,4,FlatFaultA,35447,True,1;1;1;1,42
552,10983,4,FlatFaultA,16271,True,1;1;1;1,42
553,11170,4,FlatFaultA,48095,True,1;1;1;1,42
554,11788,4,FlatFaultA,8830,True,1;1;1;1,42
555,11958,4,FlatFaultA,34656,True,1;1;1;1,42
556,12030,4,FlatFaultA,9147,True,1;1;1;1,42
557,12488,4,FlatFaultA,52747,True,1;1;1;1,42
558,12730,4,FlatFaultA,37754,True,1;1;1;1,42
559,13296,4,FlatFaultA,14150,True,1;1;1;1,42
560,13316,4,FlatFaultA,34078,True,1;1;1;1,42
561,13547,4,FlatFaultA,52020,True,1;1;1;1,42
562,13662,4,FlatFaultA,9922,True,1;1;1;1,42
563,13975,4,FlatFaultA,11552,True,1;1;1;1,42
564,14064,4,FlatFaultA,9889,True,1;1;1;1,42
565,14337,4,FlatFaultA,8695,True,1;1;1;1,42
566,14458,4,FlatFaultA,30085,True,1;1;1;1,42
567,14965,4,FlatFaultA,10301,True,1;1;1;1,42
568,15252,4,FlatFaultA,27495,True,1;1;1;1,42
569,15573,4,FlatFaultA,16413,True,1;1;1;1,42
570,15587,4,FlatFaultA,17861,True,1;1;1;1,42
571,15846,4,FlatFaultA,38176,True,1;1;1;1,42
572,15952,4,FlatFaultA,39533,True,1;1;1;1,42
573,16054,4,FlatFaultA,31417,True,1;1;1;1,42
574,16288,4,FlatFaultA,27845,True,1;1;1;1,42
575,16324,4,FlatFaultA,14702,True,1;1;1;1,42
576,17025,4,FlatFaultA,35270,True,1;1;1;1,42
577,17559,4,FlatFaultA,1588,True,1;1;1;1,42
578,17842,4,FlatFaultA,32098,True,1;1;1;1,42
579,18202,4,FlatFaultA,27683,True,1;1;1;1,42
580,18245,4,FlatFaultA,5091,True,1;1;1;1,42
581,18370,4,FlatFaultA,50639,True,1;1;1;1,42
582,19403,4,FlatFaultA,5768,True,1;1;1;1,42
583,19533,4,FlatFaultA,48528,True,1;1;1;1,42
584,20473,4,FlatFaultA,27277,True,1;1;1;1,42
585,20964,4,FlatFaultA,35340,True,1;1;1;1,42
586,21059,4,FlatFaultA,15172,True,1;1;1;1,42
587,21245,4,FlatFaultA,44398,True,1;1;1;1,42
588,21514,4,FlatFaultA,6312,True,1;1;1;1,42
589,21666,4,FlatFaultA,6005,True,1;1;1;1,42
590,21851,4,FlatFaultA,32797,True,1;1;1;1,42
591,22152,4,FlatFaultA,1153,True,1;1;1;1,42
592,22382,4,FlatFaultA,49967,True,1;1;1;1,42
593,22610,4,FlatFaultA,35801,True,1;1;1;1,42
594,23022,4,FlatFaultA,7737,True,1;1;1;1,42
595,23138,4,FlatFaultA,36539,True,1;1;1;1,42
596,23162,4,FlatFaultA,50754,True,1;1;1;1,42
597,23425,4,FlatFaultA,47989,True,1;1;1;1,42
598,23726,4,FlatFaultA,6806,True,1;1;1;1,42
599,24056,4,FlatFaultA,46583,True,1;1;1;1,42
600,24173,4,FlatFaultA,28610,True,1;1;1;1,42
601,24217,4,FlatFaultA,4448,True,1;1;1;1,42
602,24785,4,FlatFaultA,51864,True,1;1;1;1,42
603,24912,4,FlatFaultA,48536,True,1;1;1;1,42
604,24934,4,FlatFaultA,37709,True,1;1;1;1,42
605,25009,4,FlatFaultA,17023,True,1;1;1;1,42
606,25291,4,FlatFaultA,13964,True,1;1;1;1,42
607,25323,4,FlatFaultA,29058,True,1;1;1;1,42
608,25462,4,FlatFaultA,28677,True,1;1;1;1,42
609,25736,4,FlatFaultA,12139,True,1;1;1;1,42
610,26368,4,FlatFaultA,8460,True,1;1;1;1,42
611,26437,4,FlatFaultA,19525,True,1;1;1;1,42
612,26605,4,FlatFaultA,4278,True,1;1;1;1,42
613,26932,4,FlatFaultA,42235,True,1;1;1;1,42
614,27342,4,FlatFaultA,52452,True,1;1;1;1,42
615,27611,4,FlatFaultA,45984,True,1;1;1;1,42
616,27716,4,FlatFaultA,27446,True,1;1;1;1,42
617,27768,4,FlatFaultA,33290,True,1;1;1;1,42
618,27967,4,FlatFaultA,51190,True,1;1;1;1,42
619,28034,4,FlatFaultA,32934,True,1;1;1;1,42
620,28086,4,FlatFaultA,17128,True,1;1;1;1,42
621,28220,4,FlatFaultA,12022,True,1;1;1;1,42
622,28370,4,FlatFaultA,2924,True,1;1;1;1,42
623,28479,4,FlatFaultA,47799,True,1;1;1;1,42
624,28710,4,FlatFaultA,52338,True,1;1;1;1,42
625,29554,4,FlatFaultA,44039,True,1;1;1;1,42
626,29590,4,FlatFaultA,5960,True,1;1;1;1,42
627,30174,4,FlatFaultA,21597,True,1;1;1;1,42
628,30377,4,FlatFaultA,37224,True,1;1;1;1,42
629,30440,4,FlatFaultA,28316,True,1;1;1;1,42
630,30494,4,FlatFaultA,25302,True,1;1;1;1,42
631,31279,4,FlatFaultA,38983,True,1;1;1;1,42
632,31317,4,FlatFaultA,36573,True,1;1;1;1,42
633,31460,4,FlatFaultA,52958,True,1;1;1;1,42
634,31634,4,FlatFaultA,21427,True,1;1;1;1,42
635,32706,4,FlatFaultA,26826,True,1;1;1;1,42
636,32710,4,FlatFaultA,20989,True,1;1;1;1,42
637,32782,4,FlatFaultA,18250,True,1;1;1;1,42
638,33266,4,FlatFaultA,27316,True,1;1;1;1,42
639,33403,4,FlatFaultA,2204,True,1;1;1;1,42
640,120,5,FlatFaultB,16543,True,1;1;1;1,42
641,216,5,FlatFaultB,44279,True,1;1;1;1,42
642,568,5,FlatFaultB,42481,True,1;1;1;1,42
643,848,5,FlatFaultB,17717,True,1;1;1;1,42
644,974,5,FlatFaultB,30317,True,1;1;1;1,42
645,1635,5,FlatFaultB,13603,True,1;1;1;1,42
646,2017,5,FlatFaultB,48724,True,1;1;1;1,42
647,2252,5,FlatFaultB,3699,True,1;1;1;1,42
648,2800,5,FlatFaultB,51709,True,1;1;1;1,42
649,2854,5,FlatFaultB,27812,True,1;1;1;1,42
650,3430,5,FlatFaultB,47871,True,1;1;1;1,42
651,3560,5,FlatFaultB,8358,True,1;1;1;1,42
652,3834,5,FlatFaultB,6712,True,1;1;1;1,42
653,3985,5,FlatFaultB,21317,True,1;1;1;1,42
654,4541,5,FlatFaultB,3856,True,1;1;1;1,42
655,4678,5,FlatFaultB,44269,True,1;1;1;1,42
656,6316,5,FlatFaultB,18443,True,1;1;1;1,42
657,6833,5,FlatFaultB,3198,True,1;1;1;1,42
658,7353,5,FlatFaultB,46347,True,1;1;1;1,42
659,7423,5,FlatFaultB,53674,True,1;1;1;1,42
660,7744,5,FlatFaultB,47465,True,1;1;1;1,42
661,7748,5,FlatFaultB,13996,True,1;1;1;1,42
662,7877,5,FlatFaultB,28121,True,1;1;1;1,42
663,7944,5,FlatFaultB,52403,True,1;1;1;1,42
664,8151,5,FlatFaultB,42127,True,1;1;1;1,42
665,8493,5,FlatFaultB,17392,True,1;1;1;1,42
666,8691,5,FlatFaultB,20160,True,1;1;1;1,42
667,9217,5,FlatFaultB,6145,True,1;1;1;1,42
668,9706,5,FlatFaultB,40981,True,1;1;1;1,42
669,10005,5,FlatFaultB,42878,True,1;1;1;1,42
670,10020,5,FlatFaultB,7407,True,1;1;1;1,42
671,10207,5,FlatFaultB,46013,True,1;1;1;1,42
672,10212,5,FlatFaultB,21632,True,1;1;1;1,42
673,10412,5,FlatFaultB,27502,True,1;1;1;1,42
674,10930,5,FlatFaultB,10504,True,1;1;1;1,42
675,11370,5,FlatFaultB,7108,True,1;1;1;1,42
676,11594,5,FlatFaultB,6433,True,1;1;1;1,42
677,11606,5,FlatFaultB,53402,True,1;1;1;1,42
678,11795,5,FlatFaultB,7693,True,1;1;1;1,42
679,11881,5,FlatFaultB,24389,True,1;1;1;1,42
680,12326,5,FlatFaultB,39142,True,1;1;1;1,42
681,12589,5,FlatFaultB,12026,True,1;1;1;1,42
682,12947,5,FlatFaultB,35145,True,1;1;1;1,42
683,13075,5,FlatFaultB,41322,True,1;1;1;1,42
684,13166,5,FlatFaultB,30534,True,1;1;1;1,42
685,13215,5,FlatFaultB,50003,True,1;1;1;1,42
686,13339,5,FlatFaultB,36434,True,1;1;1;1,42
687,13757,5,FlatFaultB,31911,True,1;1;1;1,42
688,13857,5,FlatFaultB,32943,True,1;1;1;1,42
689,14282,5,FlatFaultB,47074,True,1;1;1;1,42
690,14288,5,FlatFaultB,29260,True,1;1;1;1,42
691,14808,5,FlatFaultB,46493,True,1;1;1;1,42
692,15127,5,FlatFaultB,44688,True,1;1;1;1,42
693,15162,5,FlatFaultB,23029,True,1;1;1;1,42
694,15344,5,FlatFaultB,8086,True,1;1;1;1,42
695,15409,5,FlatFaultB,1209,True,1;1;1;1,42
696,16561,5,FlatFaultB,14077,True,1;1;1;1,42
697,16625,5,FlatFaultB,36762,True,1;1;1;1,42
698,16903,5,FlatFaultB,16558,True,1;1;1;1,42
699,16927,5,FlatFaultB,3621,True,1;1;1;1,42
700,17326,5,FlatFaultB,36245,True,1;1;1;1,42
701,17469,5,FlatFaultB,34180,True,1;1;1;1,42
702,17681,5,FlatFaultB,26186,True,1;1;1;1,42
703,17714,5,FlatFaultB,11008,True,1;1;1;1,42
704,17794,5,FlatFaultB,11225,True,1;1;1;1,42
705,18098,5,FlatFaultB,36088,True,1;1;1;1,42
706,18143,5,FlatFaultB,24665,True,1;1;1;1,42
707,18491,5,FlatFaultB,34096,True,1;1;1;1,42
708,18756,5,FlatFaultB,48902,True,1;1;1;1,42
709,19034,5,FlatFaultB,25367,True,1;1;1;1,42
710,19399,5,FlatFaultB,15354,True,1;1;1;1,42
711,19665,5,FlatFaultB,49201,True,1;1;1;1,42
712,19737,5,FlatFaultB,20972,True,1;1;1;1,42
713,19909,5,FlatFaultB,48240,True,1;1;1;1,42
714,20215,5,FlatFaultB,5480,True,1;1;1;1,42
715,20767,5,FlatFaultB,42971,True,1;1;1;1,42
716,21153,5,FlatFaultB,1118,True,1;1;1;1,42
717,21221,5,FlatFaultB,41685,True,1;1;1;1,42
718,21387,5,FlatFaultB,25415,True,1;1;1;1,42
719,21969,5,FlatFaultB,52051,True,1;1;1;1,42
720,22047,5,FlatFaultB,23297,True,1;1;1;1,42
721,22147,5,FlatFaultB,38845,True,1;1;1;1,42
722,22238,5,FlatFaultB,50719,True,1;1;1;1,42
723,22385,5,FlatFaultB,15659,True,1;1;1;1,42
724,22931,5,FlatFaultB,11643,True,1;1;1;1,42
725,23240,5,FlatFaultB,28106,True,1;1;1;1,42
726,23250,5,FlatFaultB,48381,True,1;1;1;1,42
727,23333,5,FlatFaultB,45507,True,1;1;1;1,42
728,23633,5,FlatFaultB,28054,True,1;1;1;1,42
729,24035,5,FlatFaultB,31627,True,1;1;1;1,42
730,24054,5,FlatFaultB,36522,True,1;1;1;1,42
731,24261,5,FlatFaultB,25749,True,1;1;1;1,42
732,24775,5,FlatFaultB,40416,True,1;1;1;1,42
733,25083,5,FlatFaultB,42099,True,1;1;1;1,42
734,25167,5,FlatFaultB,30984,True,1;1;1;1,42
735,25483,5,FlatFaultB,39690,True,1;1;1;1,42
736,25494,5,FlatFaultB,29348,True,1;1;1;1,42
737,25905,5,FlatFaultB,14470,True,1;1;1;1,42
738,26610,5,FlatFaultB,45007,True,1;1;1;1,42
739,27990,5,FlatFaultB,39397,True,1;1;1;1,42
740,28032,5,FlatFaultB,26119,True,1;1;1;1,42
741,28166,5,FlatFaultB,42825,True,1;1;1;1,42
742,28326,5,FlatFaultB,5356,True,1;1;1;1,42
743,28540,5,FlatFaultB,8476,True,1;1;1;1,42
744,28639,5,FlatFaultB,24010,True,1;1;1;1,42
745,29165,5,FlatFaultB,21129,True,1;1;1;1,42
746,29324,5,FlatFaultB,29727,True,1;1;1;1,42
747,29596,5,FlatFaultB,20024,True,1;1;1;1,42
748,29603,5,FlatFaultB,12758,True,1;1;1;1,42
749,29645,5,FlatFaultB,5375,True,1;1;1;1,42
750,29788,5,FlatFaultB,8808,True,1;1;1;1,42
751,29944,5,FlatFaultB,12341,True,1;1;1;1,42
752,30324,5,FlatFaultB,17932,True,1;1;1;1,42
753,30410,5,FlatFaultB,10813,True,1;1;1;1,42
754,31044,5,FlatFaultB,49071,True,1;1;1;1,42
755,31984,5,FlatFaultB,6327,True,1;1;1;1,42
756,32054,5,FlatFaultB,2192,True,1;1;1;1,42
757,32119,5,FlatFaultB,45593,True,1;1;1;1,42
758,32831,5,FlatFaultB,52036,True,1;1;1;1,42
759,32937,5,FlatFaultB,21908,True,1;1;1;1,42
760,33035,5,FlatFaultB,31105,True,1;1;1;1,42
761,33053,5,FlatFaultB,19692,True,1;1;1;1,42
762,33114,5,FlatFaultB,38875,True,1;1;1;1,42
763,33167,5,FlatFaultB,20787,True,1;1;1;1,42
764,33245,5,FlatFaultB,37482,True,1;1;1;1,42
765,33339,5,FlatFaultB,51511,True,1;1;1;1,42
766,33501,5,FlatFaultB,3052,True,1;1;1;1,42
767,33559,5,FlatFaultB,22298,True,1;1;1;1,42
768,134,6,CurveFaultA,5074,True,1;1;1;1,42
769,144,6,CurveFaultA,33077,True,1;1;1;1,42
770,260,6,CurveFaultA,3624,True,1;1;1;1,42
771,578,6,CurveFaultA,49671,True,1;1;1;1,42
772,638,6,CurveFaultA,22149,True,1;1;1;1,42
773,646,6,CurveFaultA,1128,True,1;1;1;1,42
774,1016,6,CurveFaultA,41398,True,1;1;1;1,42
775,1074,6,CurveFaultA,46892,True,1;1;1;1,42
776,1951,6,CurveFaultA,25136,True,1;1;1;1,42
777,2009,6,CurveFaultA,9680,True,1;1;1;1,42
778,2271,6,CurveFaultA,23571,True,1;1;1;1,42
779,2942,6,CurveFaultA,35717,True,1;1;1;1,42
780,2984,6,CurveFaultA,6429,True,1;1;1;1,42
781,3296,6,CurveFaultA,2833,True,1;1;1;1,42
782,3332,6,CurveFaultA,32698,True,1;1;1;1,42
783,3451,6,CurveFaultA,1805,True,1;1;1;1,42
784,4080,6,CurveFaultA,37450,True,1;1;1;1,42
785,4187,6,CurveFaultA,23128,True,1;1;1;1,42
786,4484,6,CurveFaultA,5325,True,1;1;1;1,42
787,4567,6,CurveFaultA,45235,True,1;1;1;1,42
788,4675,6,CurveFaultA,31090,True,1;1;1;1,42
789,4713,6,CurveFaultA,53249,True,1;1;1;1,42
790,4895,6,CurveFaultA,20140,True,1;1;1;1,42
791,5234,6,CurveFaultA,3966,True,1;1;1;1,42
792,5375,6,CurveFaultA,49148,True,1;1;1;1,42
793,5382,6,CurveFaultA,2600,True,1;1;1;1,42
794,5512,6,CurveFaultA,51535,True,1;1;1;1,42
795,5724,6,CurveFaultA,15459,True,1;1;1;1,42
796,5821,6,CurveFaultA,52652,True,1;1;1;1,42
797,5980,6,CurveFaultA,46831,True,1;1;1;1,42
798,6024,6,CurveFaultA,9259,True,1;1;1;1,42
799,6220,6,CurveFaultA,3978,True,1;1;1;1,42
800,6497,6,CurveFaultA,52139,True,1;1;1;1,42
801,6525,6,CurveFaultA,13556,True,1;1;1;1,42
802,6772,6,CurveFaultA,36946,True,1;1;1;1,42
803,7594,6,CurveFaultA,32209,True,1;1;1;1,42
804,8079,6,CurveFaultA,205,True,1;1;1;1,42
805,8377,6,CurveFaultA,48448,True,1;1;1;1,42
806,8495,6,CurveFaultA,24635,True,1;1;1;1,42
807,8532,6,CurveFaultA,30190,True,1;1;1;1,42
808,8777,6,CurveFaultA,49331,True,1;1;1;1,42
809,8970,6,CurveFaultA,23898,True,1;1;1;1,42
810,9403,6,CurveFaultA,53258,True,1;1;1;1,42
811,9636,6,CurveFaultA,37772,True,1;1;1;1,42
812,9657,6,CurveFaultA,34067,True,1;1;1;1,42
813,10051,6,CurveFaultA,39847,True,1;1;1;1,42
814,10248,6,CurveFaultA,16277,True,1;1;1;1,42
815,10342,6,CurveFaultA,39118,True,1;1;1;1,42
816,10498,6,CurveFaultA,40081,True,1;1;1;1,42
817,11137,6,CurveFaultA,5083,True,1;1;1;1,42
818,11139,6,CurveFaultA,25488,True,1;1;1;1,42
819,11154,6,CurveFaultA,21605,True,1;1;1;1,42
820,12203,6,CurveFaultA,52656,True,1;1;1;1,42
821,12269,6,CurveFaultA,19423,True,1;1;1;1,42
822,12716,6,CurveFaultA,28493,True,1;1;1;1,42
823,13565,6,CurveFaultA,24226,True,1;1;1;1,42
824,13799,6,CurveFaultA,44445,True,1;1;1;1,42
825,14452,6,CurveFaultA,6078,True,1;1;1;1,42
826,14680,6,CurveFaultA,52408,True,1;1;1;1,42
827,15744,6,CurveFaultA,49462,True,1;1;1;1,42
828,15799,6,CurveFaultA,49860,True,1;1;1;1,42
829,15821,6,CurveFaultA,41458,True,1;1;1;1,42
830,16326,6,CurveFaultA,9468,True,1;1;1;1,42
831,16904,6,CurveFaultA,12834,True,1;1;1;1,42
832,17656,6,CurveFaultA,17884,True,1;1;1;1,42
833,17776,6,CurveFaultA,35425,True,1;1;1;1,42
834,18188,6,CurveFaultA,39203,True,1;1;1;1,42
835,18580,6,CurveFaultA,13515,True,1;1;1;1,42
836,18682,6,CurveFaultA,33225,True,1;1;1;1,42
837,18920,6,CurveFaultA,12180,True,1;1;1;1,42
838,19080,6,CurveFaultA,29756,True,1;1;1;1,42
839,19251,6,CurveFaultA,9243,True,1;1;1;1,42
840,19797,6,CurveFaultA,51329,True,1;1;1;1,42
841,19913,6,CurveFaultA,8775,True,1;1;1;1,42
842,19931,6,CurveFaultA,2260,True,1;1;1;1,42
843,20134,6,CurveFaultA,1429,True,1;1;1;1,42
844,20378,6,CurveFaultA,27627,True,1;1;1;1,42
845,20411,6,CurveFaultA,7167,True,1;1;1;1,42
846,20416,6,CurveFaultA,17001,True,1;1;1;1,42
847,20518,6,CurveFaultA,16398,True,1;1;1;1,42
848,20585,6,CurveFaultA,22169,True,1;1;1;1,42
849,20783,6,CurveFaultA,3202,True,1;1;1;1,42
850,20813,6,CurveFaultA,43943,True,1;1;1;1,42
851,21375,6,CurveFaultA,18825,True,1;1;1;1,42
852,21551,6,CurveFaultA,20238,True,1;1;1;1,42
853,22318,6,CurveFaultA,23173,True,1;1;1;1,42
854,22654,6,CurveFaultA,14622,True,1;1;1;1,42
855,22716,6,CurveFaultA,24565,True,1;1;1;1,42
856,22869,6,CurveFaultA,10303,True,1;1;1;1,42
857,23315,6,CurveFaultA,41474,True,1;1;1;1,42
858,23548,6,CurveFaultA,20067,True,1;1;1;1,42
859,23743,6,CurveFaultA,13795,True,1;1;1;1,42
860,24267,6,CurveFaultA,37251,True,1;1;1;1,42
861,24390,6,CurveFaultA,6366,True,1;1;1;1,42
862,24580,6,CurveFaultA,36855,True,1;1;1;1,42
863,24742,6,CurveFaultA,5117,True,1;1;1;1,42
864,25524,6,CurveFaultA,19371,True,1;1;1;1,42
865,25944,6,CurveFaultA,36690,True,1;1;1;1,42
866,26479,6,CurveFaultA,19932,True,1;1;1;1,42
867,26579,6,CurveFaultA,1847,True,1;1;1;1,42
868,26754,6,CurveFaultA,22806,True,1;1;1;1,42
869,26870,6,CurveFaultA,25487,True,1;1;1;1,42
870,27228,6,CurveFaultA,3384,True,1;1;1;1,42
871,27415,6,CurveFaultA,15825,True,1;1;1;1,42
872,27788,6,CurveFaultA,39319,True,1;1;1;1,42
873,27939,6,CurveFaultA,53458,True,1;1;1;1,42
874,28037,6,CurveFaultA,20212,True,1;1;1;1,42
875,28085,6,CurveFaultA,33794,True,1;1;1;1,42
876,28093,6,CurveFaultA,5410,True,1;1;1;1,42
877,28478,6,CurveFaultA,50034,True,1;1;1;1,42
878,29400,6,CurveFaultA,9232,True,1;1;1;1,42
879,29438,6,CurveFaultA,52371,True,1;1;1;1,42
880,29445,6,CurveFaultA,33251,True,1;1;1;1,42
881,29561,6,CurveFaultA,11961,True,1;1;1;1,42
882,29897,6,CurveFaultA,48421,True,1;1;1;1,42
883,29949,6,CurveFaultA,20973,True,1;1;1;1,42
884,30102,6,CurveFaultA,30802,True,1;1;1;1,42
885,30398,6,CurveFaultA,4137,True,1;1;1;1,42
886,30802,6,CurveFaultA,46714,True,1;1;1;1,42
887,31769,6,CurveFaultA,36160,True,1;1;1;1,42
888,32388,6,CurveFaultA,50315,True,1;1;1;1,42
889,32579,6,CurveFaultA,46828,True,1;1;1;1,42
890,32727,6,CurveFaultA,45036,True,1;1;1;1,42
891,32932,6,CurveFaultA,7540,True,1;1;1;1,42
892,33067,6,CurveFaultA,35016,True,1;1;1;1,42
893,33173,6,CurveFaultA,2092,True,1;1;1;1,42
894,33418,6,CurveFaultA,22899,True,1;1;1;1,42
895,33587,6,CurveFaultA,35121,True,1;1;1;1,42
896,148,7,CurveFaultB,48860,True,1;1;1;1,42
897,328,7,CurveFaultB,31804,True,1;1;1;1,42
898,1029,7,CurveFaultB,48870,True,1;1;1;1,42
899,1211,7,CurveFaultB,32867,True,1;1;1;1,42
900,1425,7,CurveFaultB,37532,True,1;1;1;1,42
901,1454,7,CurveFaultB,2910,True,1;1;1;1,42
902,1861,7,CurveFaultB,50608,True,1;1;1;1,42
903,2011,7,CurveFaultB,41708,True,1;1;1;1,42
904,2381,7,CurveFaultB,40194,True,1;1;1;1,42
905,2529,7,CurveFaultB,25802,True,1;1;1;1,42
906,2737,7,CurveFaultB,4328,True,1;1;1;1,42
907,2941,7,CurveFaultB,26474,True,1;1;1;1,42
908,3146,7,CurveFaultB,20537,True,1;1;1;1,42
909,3157,7,CurveFaultB,3592,True,1;1;1;1,42
910,3248,7,CurveFaultB,30466,True,1;1;1;1,42
911,3334,7,CurveFaultB,6306,True,1;1;1;1,42
912,3382,7,CurveFaultB,34473,True,1;1;1;1,42
913,3439,7,CurveFaultB,18268,True,1;1;1;1,42
914,3467,7,CurveFaultB,20637,True,1;1;1;1,42
915,3745,7,CurveFaultB,15584,True,1;1;1;1,42
916,3897,7,CurveFaultB,3089,True,1;1;1;1,42
917,4236,7,CurveFaultB,20553,True,1;1;1;1,42
918,4314,7,CurveFaultB,44438,True,1;1;1;1,42
919,4378,7,CurveFaultB,8105,True,1;1;1;1,42
920,5118,7,CurveFaultB,47653,True,1;1;1;1,42
921,5204,7,CurveFaultB,29166,True,1;1;1;1,42
922,5276,7,CurveFaultB,40820,True,1;1;1;1,42
923,5703,7,CurveFaultB,30073,True,1;1;1;1,42
924,5755,7,CurveFaultB,36591,True,1;1;1;1,42
925,5809,7,CurveFaultB,12288,True,1;1;1;1,42
926,5916,7,CurveFaultB,12038,True,1;1;1;1,42
927,6198,7,CurveFaultB,17591,True,1;1;1;1,42
928,6319,7,CurveFaultB,32121,True,1;1;1;1,42
929,6616,7,CurveFaultB,34965,True,1;1;1;1,42
930,7026,7,CurveFaultB,22516,True,1;1;1;1,42
931,7387,7,CurveFaultB,33562,True,1;1;1;1,42
932,7449,7,CurveFaultB,15968,True,1;1;1;1,42
933,7621,7,CurveFaultB,34522,True,1;1;1;1,42
934,7700,7,CurveFaultB,15349,True,1;1;1;1,42
935,7889,7,CurveFaultB,44142,True,1;1;1;1,42
936,7905,7,CurveFaultB,50762,True,1;1;1;1,42
937,8032,7,CurveFaultB,13123,True,1;1;1;1,42
938,8068,7,CurveFaultB,45358,True,1;1;1;1,42
939,8180,7,CurveFaultB,37828,True,1;1;1;1,42
940,8298,7,CurveFaultB,43526,True,1;1;1;1,42
941,8557,7,CurveFaultB,20491,True,1;1;1;1,42
942,8849,7,CurveFaultB,35321,True,1;1;1;1,42
943,9458,7,CurveFaultB,29,True,1;1;1;1,42
944,9606,7,CurveFaultB,6030,True,1;1;1;1,42
945,9662,7,CurveFaultB,40007,True,1;1;1;1,42
946,9697,7,CurveFaultB,43120,True,1;1;1;1,42
947,9812,7,CurveFaultB,50800,True,1;1;1;1,42
948,9993,7,CurveFaultB,23936,True,1;1;1;1,42
949,11000,7,CurveFaultB,50641,True,1;1;1;1,42
950,11055,7,CurveFaultB,966,True,1;1;1;1,42
951,11263,7,CurveFaultB,21603,True,1;1;1;1,42
952,11581,7,CurveFaultB,49404,True,1;1;1;1,42
953,12222,7,CurveFaultB,9073,True,1;1;1;1,42
954,12329,7,CurveFaultB,20990,True,1;1;1;1,42
955,12714,7,CurveFaultB,14590,True,1;1;1;1,42
956,13185,7,CurveFaultB,49734,True,1;1;1;1,42
957,13420,7,CurveFaultB,20223,True,1;1;1;1,42
958,13472,7,CurveFaultB,19441,True,1;1;1;1,42
959,13571,7,CurveFaultB,40038,True,1;1;1;1,42
960,13776,7,CurveFaultB,44768,True,1;1;1;1,42
961,13980,7,CurveFaultB,20457,True,1;1;1;1,42
962,14830,7,CurveFaultB,10669,True,1;1;1;1,42
963,14979,7,CurveFaultB,34078,True,1;1;1;1,42
964,14984,7,CurveFaultB,35176,True,1;1;1;1,42
965,15211,7,CurveFaultB,39769,True,1;1;1;1,42
966,15304,7,CurveFaultB,44189,True,1;1;1;1,42
967,15506,7,CurveFaultB,46634,True,1;1;1;1,42
968,15532,7,CurveFaultB,22482,True,1;1;1;1,42
969,15631,7,CurveFaultB,12566,True,1;1;1;1,42
970,16060,7,CurveFaultB,8052,True,1;1;1;1,42
971,17004,7,CurveFaultB,45113,True,1;1;1;1,42
972,17318,7,CurveFaultB,39696,True,1;1;1;1,42
973,17447,7,CurveFaultB,3311,True,1;1;1;1,42
974,17799,7,CurveFaultB,21899,True,1;1;1;1,42
975,17929,7,CurveFaultB,20055,True,1;1;1;1,42
976,17940,7,CurveFaultB,43845,True,1;1;1;1,42
977,18319,7,CurveFaultB,48772,True,1;1;1;1,42
978,19123,7,CurveFaultB,31360,True,1;1;1;1,42
979,19272,7,CurveFaultB,50653,True,1;1;1;1,42
980,19472,7,CurveFaultB,820,True,1;1;1;1,42
981,19489,7,CurveFaultB,26222,True,1;1;1;1,42
982,20183,7,CurveFaultB,4292,True,1;1;1;1,42
983,20303,7,CurveFaultB,51881,True,1;1;1;1,42
984,20485,7,CurveFaultB,26196,True,1;1;1;1,42
985,20713,7,CurveFaultB,11289,True,1;1;1;1,42
986,21399,7,CurveFaultB,40391,True,1;1;1;1,42
987,21710,7,CurveFaultB,5797,True,1;1;1;1,42
988,22009,7,CurveFaultB,36991,True,1;1;1;1,42
989,23720,7,CurveFaultB,37918,True,1;1;1;1,42
990,24171,7,CurveFaultB,38647,True,1;1;1;1,42
991,24262,7,CurveFaultB,49116,True,1;1;1;1,42
992,24417,7,CurveFaultB,12486,True,1;1;1;1,42
993,24546,7,CurveFaultB,23665,True,1;1;1;1,42
994,24592,7,CurveFaultB,4416,True,1;1;1;1,42
995,24913,7,CurveFaultB,5556,True,1;1;1;1,42
996,25051,7,CurveFaultB,12190,True,1;1;1;1,42
997,25176,7,CurveFaultB,24204,True,1;1;1;1,42
998,25377,7,CurveFaultB,46285,True,1;1;1;1,42
999,25708,7,CurveFaultB,26823,True,1;1;1;1,42
1000,26969,7,CurveFaultB,4110,True,1;1;1;1,42
1001,27775,7,CurveFaultB,43651,True,1;1;1;1,42
1002,27982,7,CurveFaultB,29224,True,1;1;1;1,42
1003,28234,7,CurveFaultB,11755,True,1;1;1;1,42
1004,28319,7,CurveFaultB,33523,True,1;1;1;1,42
1005,28325,7,CurveFaultB,3487,True,1;1;1;1,42
1006,28599,7,CurveFaultB,37901,True,1;1;1;1,42
1007,28840,7,CurveFaultB,25579,True,1;1;1;1,42
1008,28910,7,CurveFaultB,46434,True,1;1;1;1,42
1009,29036,7,CurveFaultB,11948,True,1;1;1;1,42
1010,29315,7,CurveFaultB,28245,True,1;1;1;1,42
1011,29401,7,CurveFaultB,47039,True,1;1;1;1,42
1012,29642,7,CurveFaultB,34958,True,1;1;1;1,42
1013,29793,7,CurveFaultB,48379,True,1;1;1;1,42
1014,29810,7,CurveFaultB,41229,True,1;1;1;1,42
1015,30979,7,CurveFaultB,23034,True,1;1;1;1,42
1016,31235,7,CurveFaultB,36149,True,1;1;1;1,42
1017,31305,7,CurveFaultB,18406,True,1;1;1;1,42
1018,31333,7,CurveFaultB,9005,True,1;1;1;1,42
1019,31517,7,CurveFaultB,28712,True,1;1;1;1,42
1020,31776,7,CurveFaultB,3856,True,1;1;1;1,42
1021,32326,7,CurveFaultB,51035,True,1;1;1;1,42
1022,32394,7,CurveFaultB,1170,True,1;1;1;1,42
1023,32975,7,CurveFaultB,11936,True,1;1;1;1,42
