role,query,target,recall_at_1
background,PoSTM,Horizon,0.01298828125
background,PoSTM,RMS,0.091064453125
background,PoSTM,Well,0.050927734375
background,Horizon,PoSTM,0.01298828125
background,Horizon,RMS,0.012744140625
background,Horizon,Well,0.0171875
background,RMS,PoSTM,0.091064453125
background,RMS,Horizon,0.012744140625
background,RMS,Well,0.059716796875
background,Well,PoSTM,0.050927734375
background,Well,Horizon,0.0171875
background,Well,RMS,0.059716796875
structural,PoSTM,Horizon,0.027490234375
structural,PoSTM,RMS,0.04091796875
structural,PoSTM,Well,0.0224609375
structural,Horizon,PoSTM,0.027490234375
structural,Horizon,RMS,0.026513671875
structural,Horizon,Well,0.016552734375
structural,RMS,PoSTM,0.04091796875
structural,RMS,Horizon,0.026513671875
structural,RMS,Well,0.016552734375
structural,Well,PoSTM,0.0224609375
structural,Well,Horizon,0.016552734375
structural,Well,RMS,0.016552734375
